32936242077,231301448,US $2.84,US $4.55,1901318146,1606118400,1606550399,1,SEXYSHEEP 5/8 pairs 3D Mink Lashes Natural False Eyelashes Dramatic Volume Fake Lashes Makeup Eyelash Extension Silk Eyelashes,US $0.01,US $0.01,99,218210,217944,266,false,//ae01.alicdn.com/kf/He8964ffa7b654850ac4b3c60d651e58ad.jpg_350x350.jpg,//aliexpress.ru/item/32936242077.html?gps-id=5547572&scm=1007.19201.130907.0&scm_id=1007.19201.130907.0&scm-url=1007.19201.130907.0&pvid=e9c0368a-8f0b-4932-8df2-369892d8e0e2,{"all":{"pvid":"e9c0368a-8f0b-4932-8df2-369892d8e0e2","scm-cnt":"1007.19201.130907.0","gps-id":"5547572"},"pvid":"e9c0368a-8f0b-4932-8df2-369892d8e0e2","scm-cnt":"1007.19201.130907.0","gps-id":"5547572"},35838,92.7,4.6,8335,1538377200
4000785231354,239238391,US $9.98,US $9.98,1901310500,1606118400,1606550399,1,10 Pcs KN95 Face Masks Dust Respirator KN95 Mouth Masks Adaptable Against Pollution Breathable Mask Filter (not for medical use),US $5.99,US $5.99,40,46026,45778,248,false,//ae01.alicdn.com/kf/H61b77238758344129b1dc6423ed3c2e14.jpg_350x350.jpg,//aliexpress.ru/item/4000785231354.html?gps-id=5547572&scm=1007.19201.130907.0&scm_id=1007.19201.130907.0&scm-url=1007.19201.130907.0&pvid=e9c0368a-8f0b-4932-8df2-369892d8e0e2,{"all":{"pvid":"e9c0368a-8f0b-4932-8df2-369892d8e0e2","scm-cnt":"1007.19201.130907.0","gps-id":"5547572"},"pvid":"e9c0368a-8f0b-4932-8df2-369892d8e0e2","scm-cnt":"1007.19201.130907.0","gps-id":"5547572"},12389,94.9,4.7,5378,1583996400
4000515594633,226859031,US $3.43,US $4.80,1901318146,1606118400,1606550399,1,Visofree 5D Mink Eyelashes Long Lasting Mink Lashes Natural Dramatic Volume Eyelashes Extension Thick Long 3D False Eyelashes,US $0.01,US $0.01,99,701201,701138,63,false,//ae01.alicdn.com/kf/Hb577310199dc49d686ffdfa9d655e1c9s.jpg_350x350.jpg,//aliexpress.ru/item/4000515594633.html?gps-id=5547572&scm=1007.19201.130907.0&scm_id=1007.19201.130907.0&scm-url=1007.19201.130907.0&pvid=e9c0368a-8f0b-4932-8df2-369892d8e0e2,{"all":{"pvid":"e9c0368a-8f0b-4932-8df2-369892d8e0e2","scm-cnt":"1007.19201.130907.0","gps-id":"5547572"},"pvid":"e9c0368a-8f0b-4932-8df2-369892d8e0e2","scm-cnt":"1007.19201.130907.0","gps-id":"5547572"},16556,95.8,4.8,4789,1576742400
4000539506338,232956230,US $22.32,US $40.27,1901318146,1606118400,1606550399,1,TWS Bluetooth 5.0 Earphones 2200mAh Charging Box Wireless Headphone 9D Stereo Sports Waterproof Earbuds Headsets With Microphone,US $7.37,US $13.29,67,192486,191732,754,false,//ae01.alicdn.com/kf/H4a74527e3c9642ed8acca50aaf05ef90B.png_350x350.png,//aliexpress.ru/item/4000539506338.html?gps-id=5547572&scm=1007.19201.130907.0&scm_id=1007.19201.130907.0&scm-url=1007.19201.130907.0&pvid=e9c0368a-8f0b-4932-8df2-369892d8e0e2,{"all":{"pvid":"e9c0368a-8f0b-4932-8df2-369892d8e0e2","scm-cnt":"1007.19201.130907.0","gps-id":"5547572"},"pvid":"e9c0368a-8f0b-4932-8df2-369892d8e0e2","scm-cnt":"1007.19201.130907.0","gps-id":"5547572"},94793,95.4,4.8,44036,1578384000
32963261968,220725714,US $119.11,US $548.89,1902375034,1606118400,1606550399,1,Allove Straight Lace Front Human Hair Wigs Remy 360 Lace Frontal Wig 13X4 13X6 Brazilian Straight Lace Front Wig 250 Density,US $47.64,US $219.56,60,106560,106549,11,false,//ae01.alicdn.com/kf/H503a41539c1d4f88a310336e1a5ab031a.jpg_350x350.jpg,//aliexpress.ru/item/32963261968.html?gps-id=5547572&scm=1007.19201.130907.0&scm_id=1007.19201.130907.0&scm-url=1007.19201.130907.0&pvid=e9c0368a-8f0b-4932-8df2-369892d8e0e2,{"all":{"pvid":"e9c0368a-8f0b-4932-8df2-369892d8e0e2","scm-cnt":"1007.19201.130907.0","gps-id":"5547572"},"pvid":"e9c0368a-8f0b-4932-8df2-369892d8e0e2","scm-cnt":"1007.19201.130907.0","gps-id":"5547572"},3814,93.0,4.7,1420,1545897600
4001271639973,240597622,US $10.90,US $10.90,1901958199,1606118400,1606550399,1,2pcs/pair Colorful Contact Lenses for Eyes 3 Tone Serie Colored Lenses for Eyes Contacts with Color Cosmetic Makeup Beauty Pupil,US $3.16,US $3.16,71,31581,31482,99,false,//ae01.alicdn.com/kf/H0951ee28e9cb44099d8727a18c59f4a94.jpg_350x350.jpg,//aliexpress.ru/item/4001271639973.html?gps-id=5547572&scm=1007.19201.130907.0&scm_id=1007.19201.130907.0&scm-url=1007.19201.130907.0&pvid=e9c0368a-8f0b-4932-8df2-369892d8e0e2,{"all":{"pvid":"e9c0368a-8f0b-4932-8df2-369892d8e0e2","scm-cnt":"1007.19201.130907.0","gps-id":"5547572"},"pvid":"e9c0368a-8f0b-4932-8df2-369892d8e0e2","scm-cnt":"1007.19201.130907.0","gps-id":"5547572"},9247,95.0,4.7,3435,1595574000
32859264975,224266960,US $98.92,US $303.03,1901318146,1606118400,1606550399,1,Yyong Peruvian Straight Hair 3 Bundles Remy Human Hair Extensions With 4*4 Lace Closure Double Weft Weave Bundles With Closure,US $47.48,US $145.45,52,259580,259577,3,false,//ae01.alicdn.com/kf/Hb91295f421824857bf64ff17534ea1ebN.png_350x350.png,//aliexpress.ru/item/32859264975.html?gps-id=5547572&scm=1007.19201.130907.0&scm_id=1007.19201.130907.0&scm-url=1007.19201.130907.0&pvid=e9c0368a-8f0b-4932-8df2-369892d8e0e2,{"all":{"pvid":"e9c0368a-8f0b-4932-8df2-369892d8e0e2","scm-cnt":"1007.19201.130907.0","gps-id":"5547572"},"pvid":"e9c0368a-8f0b-4932-8df2-369892d8e0e2","scm-cnt":"1007.19201.130907.0","gps-id":"5547572"},2445,96.6,4.8,705,1522047600
4000055165360,200689399,US $4.27,US $4.27,1901318146,1606118400,1606550399,1,Hot Sale A-Z Initials 3 Colors Chooses Micro Pave CZ Letter Pendant Necklaces For Women Charm Chain Family Jewelry Gift,US $2.60,US $2.60,39,2262975,2262917,58,false,//ae01.alicdn.com/kf/H99c2e89552dc4754a3fc31abd8edae7aB.jpg_350x350.jpg,//aliexpress.ru/item/4000055165360.html?gps-id=5547572&scm=1007.19201.130907.0&scm_id=1007.19201.130907.0&scm-url=1007.19201.130907.0&pvid=e9c0368a-8f0b-4932-8df2-369892d8e0e2,{"all":{"pvid":"e9c0368a-8f0b-4932-8df2-369892d8e0e2","scm-cnt":"1007.19201.130907.0","gps-id":"5547572"},"pvid":"e9c0368a-8f0b-4932-8df2-369892d8e0e2","scm-cnt":"1007.19201.130907.0","gps-id":"5547572"},3698,96.5,4.8,2001,1564642800
4001054837240,241766576,US $9.99,US $9.99,1901318146,1606118400,1606550399,1,KSSEYE 1pair  RussianGirl Taylor DNA Colored Contact Lenses Cosmetic Contacts Natural Color Lens,US $4.10,US $4.10,59,741166,741100,66,false,//ae01.alicdn.com/kf/H788806b5797d46009537bec3d10628f9W.jpg_350x350.jpg,//aliexpress.ru/item/4001054837240.html?gps-id=5547572&scm=1007.19201.130907.0&scm_id=1007.19201.130907.0&scm-url=1007.19201.130907.0&pvid=e9c0368a-8f0b-4932-8df2-369892d8e0e2,{"all":{"pvid":"e9c0368a-8f0b-4932-8df2-369892d8e0e2","scm-cnt":"1007.19201.130907.0","gps-id":"5547572"},"pvid":"e9c0368a-8f0b-4932-8df2-369892d8e0e2","scm-cnt":"1007.19201.130907.0","gps-id":"5547572"},25289,95.2,4.8,8675,1589871600
4000012251071,222214133,US $17.50,US $65.49,1901318146,1606118400,1606550399,1,SDETER 1080P 720P IP Camera Security Camera WiFi Wireless CCTV Camera Surveillance IR Night Vision P2P Baby Monitor Pet Camera,US $13.30,US $49.77,24,156617,156606,11,false,//ae01.alicdn.com/kf/H711c8cbd625d427c98473a05db74d7687.jpg_350x350.jpg,//aliexpress.ru/item/4000012251071.html?gps-id=5547572&scm=1007.19201.130907.0&scm_id=1007.19201.130907.0&scm-url=1007.19201.130907.0&pvid=e9c0368a-8f0b-4932-8df2-369892d8e0e2,{"all":{"pvid":"e9c0368a-8f0b-4932-8df2-369892d8e0e2","scm-cnt":"1007.19201.130907.0","gps-id":"5547572"},"pvid":"e9c0368a-8f0b-4932-8df2-369892d8e0e2","scm-cnt":"1007.19201.130907.0","gps-id":"5547572"},12555,98.1,4.9,8309,1563346800
4000954439112,240099026,US $4.79,US $4.79,1901318146,1606118400,1606550399,1,FOXESJI Makeup Eyelashes 3D Mink Lashes Fluffy Soft Wispy Volume Natural long Cross False Eyelashes Eye Lashes Reusable Eyelash,US $0.01,US $0.01,99,286325,286074,251,false,//ae01.alicdn.com/kf/Hc20d9796d73a47ed813f0d03c9db068fc.jpg_350x350.jpg,//aliexpress.ru/item/4000954439112.html?gps-id=5547572&scm=1007.19201.130907.0&scm_id=1007.19201.130907.0&scm-url=1007.19201.130907.0&pvid=0bd9d2e4-787d-47a8-94a0-2dd22dd2ec7f,{"all":{"pvid":"0bd9d2e4-787d-47a8-94a0-2dd22dd2ec7f","scm-cnt":"1007.19201.130907.0","gps-id":"5547572"},"pvid":"0bd9d2e4-787d-47a8-94a0-2dd22dd2ec7f","scm-cnt":"1007.19201.130907.0","gps-id":"5547572"},7327,97.1,4.9,918,1587452400
4000073936368,229432000,US $35.00,US $299.00,1901318146,1606118400,1606550399,1,Wholesale Eyelashes 20/40/50/100pcs 3d Mink Lashes Natural Mink Eyelashes Wholesale False Eyelash Makeup Thick Fake Lash In Bulk,US $15.40,US $131.56,56,460248,460242,6,false,//ae01.alicdn.com/kf/H26f68a1ac14a4f35896d06b0cd705f469.jpg_350x350.jpg,//aliexpress.ru/item/4000073936368.html?gps-id=5547572&scm=1007.19201.130907.0&scm_id=1007.19201.130907.0&scm-url=1007.19201.130907.0&pvid=0bd9d2e4-787d-47a8-94a0-2dd22dd2ec7f,{"all":{"pvid":"0bd9d2e4-787d-47a8-94a0-2dd22dd2ec7f","scm-cnt":"1007.19201.130907.0","gps-id":"5547572"},"pvid":"0bd9d2e4-787d-47a8-94a0-2dd22dd2ec7f","scm-cnt":"1007.19201.130907.0","gps-id":"5547572"},2787,92.3,4.6,914,1565247600
4001346882845,230466019,US $32.38,US $32.38,1901318146,1606118400,1606550399,1,Kliou autumn two piece set women long sleeve hooded zipper pocket sporty Jackets+leggings matching sets workout stretchy outfits,US $14.57,US $14.57,55,18884,18776,108,false,//ae01.alicdn.com/kf/He1089c1be2e548fb9e0c8b67547b4230x.jpg_350x350.jpg,//aliexpress.ru/item/4001346882845.html?gps-id=5547572&scm=1007.19201.130907.0&scm_id=1007.19201.130907.0&scm-url=1007.19201.130907.0&pvid=0bd9d2e4-787d-47a8-94a0-2dd22dd2ec7f,{"all":{"pvid":"0bd9d2e4-787d-47a8-94a0-2dd22dd2ec7f","scm-cnt":"1007.19201.130907.0","gps-id":"5547572"},"pvid":"0bd9d2e4-787d-47a8-94a0-2dd22dd2ec7f","scm-cnt":"1007.19201.130907.0","gps-id":"5547572"},1528,96.1,4.8,222,1597388400
32967160290,236837901,US $90.00,US $90.00,1901303888,1606118400,1606550399,1,TXQSABER Cosplay RGB Lightsaber Metal Handle Heavy Dueling 12 Color LED Change Volume Adjustment Force 6 Sound Fons FOC Blaster,US $49.50,US $49.50,45,3780,3759,21,false,//ae01.alicdn.com/kf/Hf01d569ada6b45658476be2ec465378cr.jpg_350x350.jpg,//aliexpress.ru/item/32967160290.html?gps-id=5547572&scm=1007.19201.130907.0&scm_id=1007.19201.130907.0&scm-url=1007.19201.130907.0&pvid=0bd9d2e4-787d-47a8-94a0-2dd22dd2ec7f,{"all":{"pvid":"0bd9d2e4-787d-47a8-94a0-2dd22dd2ec7f","scm-cnt":"1007.19201.130907.0","gps-id":"5547572"},"pvid":"0bd9d2e4-787d-47a8-94a0-2dd22dd2ec7f","scm-cnt":"1007.19201.130907.0","gps-id":"5547572"},3726,93.8,4.7,826,1547193600
4000739074640,239367004,US $198.00,US $300.00,1901303888,1606118400,1606550399,1,POWCAN Massage Gun Fascia Gun Muscle Relax Massage Electric Massager Fitness Equipment Noise Reduction Design For Male Female,US $55.44,US $84.00,72,28802,28777,25,false,//ae01.alicdn.com/kf/H29c3ab84e9c44d4e84e86305f0b831e6o.jpg_350x350.jpg,//aliexpress.ru/item/4000739074640.html?gps-id=5547572&scm=1007.19201.130907.0&scm_id=1007.19201.130907.0&scm-url=1007.19201.130907.0&pvid=0bd9d2e4-787d-47a8-94a0-2dd22dd2ec7f,{"all":{"pvid":"0bd9d2e4-787d-47a8-94a0-2dd22dd2ec7f","scm-cnt":"1007.19201.130907.0","gps-id":"5547572"},"pvid":"0bd9d2e4-787d-47a8-94a0-2dd22dd2ec7f","scm-cnt":"1007.19201.130907.0","gps-id":"5547572"},7535,98.2,4.9,6056,1582876800
32858829839,220153763,US $3.25,US $6.99,1901318146,1606118400,1606550399,1,women plain bubble chiffon scarf hijab wrap printe solid color shawls headband muslim hijabs scarves/scarf 60 colors,US $0.01,US $0.70,89,195007,194839,168,false,//ae01.alicdn.com/kf/H82f4e8aa18c440e4b19cd7ba9d6ea3c9n.jpg_350x350.jpg,//aliexpress.ru/item/32858829839.html?gps-id=5547572&scm=1007.19201.130907.0&scm_id=1007.19201.130907.0&scm-url=1007.19201.130907.0&pvid=0bd9d2e4-787d-47a8-94a0-2dd22dd2ec7f,{"all":{"pvid":"0bd9d2e4-787d-47a8-94a0-2dd22dd2ec7f","scm-cnt":"1007.19201.130907.0","gps-id":"5547572"},"pvid":"0bd9d2e4-787d-47a8-94a0-2dd22dd2ec7f","scm-cnt":"1007.19201.130907.0","gps-id":"5547572"},11628,95.4,4.8,5863,1522047600
4000542272029,239231040,US $103.78,US $487.13,1901303888,1606118400,1606550399,1,lace front human hair wigs for Black Women straight hd frontal bob wig brazilian afro short long 30 inch natural wig full,US $56.04,US $263.05,46,34710,34706,4,false,//ae01.alicdn.com/kf/Hfc3a388f9dfb4313a5876e7e2caf6a162.jpg_350x350.jpg,//aliexpress.ru/item/4000542272029.html?gps-id=5547572&scm=1007.19201.130907.0&scm_id=1007.19201.130907.0&scm-url=1007.19201.130907.0&pvid=0bd9d2e4-787d-47a8-94a0-2dd22dd2ec7f,{"all":{"pvid":"0bd9d2e4-787d-47a8-94a0-2dd22dd2ec7f","scm-cnt":"1007.19201.130907.0","gps-id":"5547572"},"pvid":"0bd9d2e4-787d-47a8-94a0-2dd22dd2ec7f","scm-cnt":"1007.19201.130907.0","gps-id":"5547572"},2000,93.2,4.7,770,1577260800
32848661336,220725714,US $26.75,US $406.83,1902375034,1606118400,1606550399,1,Allove Straight Hair Bundles Brazilian Hair Weave Bundles 100% Human Hair Bundles 30 32 34 36 38inch Non Remy Hair 1/3/4 Pieces,US $13.11,US $199.35,51,113886,113879,7,false,//ae01.alicdn.com/kf/Hbb845bd6ee234309a6f638276410b14bX.jpg_350x350.jpg,//aliexpress.ru/item/32848661336.html?gps-id=5547572&scm=1007.19201.130907.0&scm_id=1007.19201.130907.0&scm-url=1007.19201.130907.0&pvid=0bd9d2e4-787d-47a8-94a0-2dd22dd2ec7f,{"all":{"pvid":"0bd9d2e4-787d-47a8-94a0-2dd22dd2ec7f","scm-cnt":"1007.19201.130907.0","gps-id":"5547572"},"pvid":"0bd9d2e4-787d-47a8-94a0-2dd22dd2ec7f","scm-cnt":"1007.19201.130907.0","gps-id":"5547572"},2805,94.5,4.7,1041,1516003200
33006830240,223681014,US $99.00,US $397.80,1902375034,1606118400,1606550399,1,Cranberry Hair 4X4 Lace Closure Wig Remy Brazilian Deep Wave Wig 13x4 Lace Front Human Hair Wigs For Women Pre Plucked Hairline,US $45.54,US $182.99,54,63936,63934,2,false,//ae01.alicdn.com/kf/H2fb5de0f9b27410fba63cc705e544875g.jpg_350x350.jpg,//aliexpress.ru/item/33006830240.html?gps-id=5547572&scm=1007.19201.130907.0&scm_id=1007.19201.130907.0&scm-url=1007.19201.130907.0&pvid=0bd9d2e4-787d-47a8-94a0-2dd22dd2ec7f,{"all":{"pvid":"0bd9d2e4-787d-47a8-94a0-2dd22dd2ec7f","scm-cnt":"1007.19201.130907.0","gps-id":"5547572"},"pvid":"0bd9d2e4-787d-47a8-94a0-2dd22dd2ec7f","scm-cnt":"1007.19201.130907.0","gps-id":"5547572"},1231,95.2,4.8,480,1555916400
32871471259,230807823,US $8.99,US $11.12,1901318146,1606118400,1606550399,1,ROSALIND Poly Gel For Nails Extension Finger nail art Manicure Acryl gel Varnish hybrid 30ML Poly UV Gel Polish Extension,US $2.61,US $3.22,71,5845808,5845614,194,false,//ae01.alicdn.com/kf/H6a0058b54e26492fa5fc8d9bc4b1d9efZ.jpg_350x350.jpg,//aliexpress.ru/item/32871471259.html?gps-id=5547572&scm=1007.19201.130907.0&scm_id=1007.19201.130907.0&scm-url=1007.19201.130907.0&pvid=0bd9d2e4-787d-47a8-94a0-2dd22dd2ec7f,{"all":{"pvid":"0bd9d2e4-787d-47a8-94a0-2dd22dd2ec7f","scm-cnt":"1007.19201.130907.0","gps-id":"5547572"},"pvid":"0bd9d2e4-787d-47a8-94a0-2dd22dd2ec7f","scm-cnt":"1007.19201.130907.0","gps-id":"5547572"},17916,95.7,4.8,10132,1525330800
32867282565,226859031,US $4.98,US $4.98,1901318146,1606118400,1606550399,1,Visofree Mink Lashes 3D Mink Eyelashes 100% Cruelty free Lashes Handmade Reusable Natural Eyelashes Popular False Lashes Makeup,US $0.01,US $0.01,99,440955,440941,14,false,//ae01.alicdn.com/kf/Hcbd832b751ff4b1dab6d9a00796100fdA.jpg_350x350.jpg,//aliexpress.ru/item/32867282565.html?gps-id=5547572&scm=1007.19201.130907.0&scm_id=1007.19201.130907.0&scm-url=1007.19201.130907.0&pvid=ecd07df7-f211-4a13-b3ff-68e96bea0cf3,{"all":{"pvid":"ecd07df7-f211-4a13-b3ff-68e96bea0cf3","scm-cnt":"1007.19201.130907.0","gps-id":"5547572"},"pvid":"ecd07df7-f211-4a13-b3ff-68e96bea0cf3","scm-cnt":"1007.19201.130907.0","gps-id":"5547572"},11931,95.9,4.8,4072,1524466800
32881867374,231301448,US $4.27,US $6.98,1901958199,1606118400,1606550399,1,SEXYSHEEP 8/20 Pairs 15-20mm Natural 3D False Eyelashes Fake Lashes Makeup Kit Mink Lashes Extension Mink Eyelashes Wholesale,US $2.73,US $4.47,36,246516,246437,79,false,//ae01.alicdn.com/kf/Hbd10994ccad440e3b0104b0b70716e36R.jpg_350x350.jpg,//aliexpress.ru/item/32881867374.html?gps-id=5547572&scm=1007.19201.130907.0&scm_id=1007.19201.130907.0&scm-url=1007.19201.130907.0&pvid=ecd07df7-f211-4a13-b3ff-68e96bea0cf3,{"all":{"pvid":"ecd07df7-f211-4a13-b3ff-68e96bea0cf3","scm-cnt":"1007.19201.130907.0","gps-id":"5547572"},"pvid":"ecd07df7-f211-4a13-b3ff-68e96bea0cf3","scm-cnt":"1007.19201.130907.0","gps-id":"5547572"},15382,93.1,4.7,5321,1527404400
4000032803909,224266960,US $89.93,US $215.05,1901303888,1606118400,1606550399,1,Yyong 13x4 Blunt Cut Bob Wig Short Lace Front Human Hair Wigs Remy Brazilian Straight Bob Wigs With Baby Hair HD Transparent Wig,US $42.27,US $101.07,53,26574,26567,7,false,//ae01.alicdn.com/kf/H8d90fb7ab1f24084b9f6a1d1c39c81b21.jpg_350x350.jpg,//aliexpress.ru/item/4000032803909.html?gps-id=5547572&scm=1007.19201.130907.0&scm_id=1007.19201.130907.0&scm-url=1007.19201.130907.0&pvid=ecd07df7-f211-4a13-b3ff-68e96bea0cf3,{"all":{"pvid":"ecd07df7-f211-4a13-b3ff-68e96bea0cf3","scm-cnt":"1007.19201.130907.0","gps-id":"5547572"},"pvid":"ecd07df7-f211-4a13-b3ff-68e96bea0cf3","scm-cnt":"1007.19201.130907.0","gps-id":"5547572"},2612,91.5,4.6,816,1563951600
10000053498585,239679333,US $59.97,US $156.00,1901303888,1606118400,1606550399,1,LSRC New E68pro Mini Drone Wide Angle 4K 1080P WiFi FPV Camera Drones Height Holding Mode RC Foldable Quadrotor Dron Toy Gift,US $18.59,US $48.36,69,1116,1045,71,false,//ae01.alicdn.com/kf/H91a5bfe0ca8e4910810929f00fdf0a34U.png_350x350.png,//aliexpress.ru/item/10000053498585.html?gps-id=5547572&scm=1007.19201.130907.0&scm_id=1007.19201.130907.0&scm-url=1007.19201.130907.0&pvid=ecd07df7-f211-4a13-b3ff-68e96bea0cf3,{"all":{"pvid":"ecd07df7-f211-4a13-b3ff-68e96bea0cf3","scm-cnt":"1007.19201.130907.0","gps-id":"5547572"},"pvid":"ecd07df7-f211-4a13-b3ff-68e96bea0cf3","scm-cnt":"1007.19201.130907.0","gps-id":"5547572"},8190,95.0,4.8,3626,1578038400
32835074628,205919551,US $40.00,US $269.00,1901982732,1606118400,1606550399,1,Vallbest Peruvian Body Wave Bundles 100% Remy Human Hair Extensions Natural Color 100G Machine Double Weft 3 Or 4 Bundle Deals,US $19.20,US $129.12,52,74540,74531,9,false,//ae01.alicdn.com/kf/Ha6c51c1090544254b558ef3bfc59f173r.jpg_350x350.jpg,//aliexpress.ru/item/32835074628.html?gps-id=5547572&scm=1007.19201.130907.0&scm_id=1007.19201.130907.0&scm-url=1007.19201.130907.0&pvid=ecd07df7-f211-4a13-b3ff-68e96bea0cf3,{"all":{"pvid":"ecd07df7-f211-4a13-b3ff-68e96bea0cf3","scm-cnt":"1007.19201.130907.0","gps-id":"5547572"},"pvid":"ecd07df7-f211-4a13-b3ff-68e96bea0cf3","scm-cnt":"1007.19201.130907.0","gps-id":"5547572"},898,97.6,4.9,267,1507532400
32955581701,206007599,US $140.00,US $696.00,1902035854,1606118400,1606550399,1,Recool HD Lace Frontal Wig 30 Inch Body Wave Lace Front Human Hair Wigs 13x6 Lace Front Wig 250 Density Hd Transparent Lace,US $65.80,US $327.12,53,102578,102570,8,false,//ae01.alicdn.com/kf/U1f6dcbd35f5344a48ba7172f449147dfx.jpg_350x350.jpg,//aliexpress.ru/item/32955581701.html?gps-id=5547572&scm=1007.19201.130907.0&scm_id=1007.19201.130907.0&scm-url=1007.19201.130907.0&pvid=ecd07df7-f211-4a13-b3ff-68e96bea0cf3,{"all":{"pvid":"ecd07df7-f211-4a13-b3ff-68e96bea0cf3","scm-cnt":"1007.19201.130907.0","gps-id":"5547572"},"pvid":"ecd07df7-f211-4a13-b3ff-68e96bea0cf3","scm-cnt":"1007.19201.130907.0","gps-id":"5547572"},1959,95.1,4.8,707,1543219200
4000082317523,239074971,US $70.90,US $94.33,1901318146,1606118400,1606550399,1,High frequency Massage gun muscle relax body relaxation Electric massager with portable bag for fitness Phoenix A2,US $43.96,US $58.48,38,183626,183380,246,false,//ae01.alicdn.com/kf/H0cece3f6db3840e28a36754e7ee7c21at.jpg_350x350.jpg,//aliexpress.ru/item/4000082317523.html?gps-id=5547572&scm=1007.19201.130907.0&scm_id=1007.19201.130907.0&scm-url=1007.19201.130907.0&pvid=ecd07df7-f211-4a13-b3ff-68e96bea0cf3,{"all":{"pvid":"ecd07df7-f211-4a13-b3ff-68e96bea0cf3","scm-cnt":"1007.19201.130907.0","gps-id":"5547572"},"pvid":"ecd07df7-f211-4a13-b3ff-68e96bea0cf3","scm-cnt":"1007.19201.130907.0","gps-id":"5547572"},17464,97.6,4.9,4200,1565506800
33049347066,233152646,US $8.29,US $32.99,1901303888,1606118400,1606550399,1,EMS Hip Muscle Stimulator Fitness Lifting Buttock Abdominal Trainer Weight loss Body Slimming Massage Dropshipping New Arrival,US $2.65,US $10.56,68,164828,164790,38,false,//ae01.alicdn.com/kf/H0913c38cb2e14aaeac96f48898ec4681l.jpg_350x350.jpg,//aliexpress.ru/item/33049347066.html?gps-id=5547572&scm=1007.19201.130907.0&scm_id=1007.19201.130907.0&scm-url=1007.19201.130907.0&pvid=ecd07df7-f211-4a13-b3ff-68e96bea0cf3,{"all":{"pvid":"ecd07df7-f211-4a13-b3ff-68e96bea0cf3","scm-cnt":"1007.19201.130907.0","gps-id":"5547572"},"pvid":"ecd07df7-f211-4a13-b3ff-68e96bea0cf3","scm-cnt":"1007.19201.130907.0","gps-id":"5547572"},18839,93.0,4.7,3824,1561446000
4001039721506,240135196,US $3.32,US $4.65,1901318146,1606118400,1606550399,1,Kasajewel Gold Silver Color Butterfly Pendant Necklace Female Shiny Crystal Clavicle Chain Fashion New Design Jewelry Party Gift,US $0.01,US $0.01,99,102501,102296,205,false,//ae01.alicdn.com/kf/H1a9eb26cc8af476f8a439d0384f4e5faO.jpg_350x350.jpg,//aliexpress.ru/item/4001039721506.html?gps-id=5547572&scm=1007.19201.130907.0&scm_id=1007.19201.130907.0&scm-url=1007.19201.130907.0&pvid=ecd07df7-f211-4a13-b3ff-68e96bea0cf3,{"all":{"pvid":"ecd07df7-f211-4a13-b3ff-68e96bea0cf3","scm-cnt":"1007.19201.130907.0","gps-id":"5547572"},"pvid":"ecd07df7-f211-4a13-b3ff-68e96bea0cf3","scm-cnt":"1007.19201.130907.0","gps-id":"5547572"},17204,95.8,4.8,2727,1589439600
4000152895166,231389210,US $209.90,US $239.90,1901303888,1606118400,1606550399,1,LIGE 2020 New Fashion Mens Watches with Stainless Steel Top Brand Luxury Sports Chronograph Quartz Watch Men Relogio Masculino,US $16.79,US $19.19,92,6438,6370,68,false,//ae01.alicdn.com/kf/He24eb53745944966994b75b624d37095T.jpg_350x350.jpg,//aliexpress.ru/item/4000152895166.html?gps-id=5547572&scm=1007.19201.130907.0&scm_id=1007.19201.130907.0&scm-url=1007.19201.130907.0&pvid=ecd07df7-f211-4a13-b3ff-68e96bea0cf3,{"all":{"pvid":"ecd07df7-f211-4a13-b3ff-68e96bea0cf3","scm-cnt":"1007.19201.130907.0","gps-id":"5547572"},"pvid":"ecd07df7-f211-4a13-b3ff-68e96bea0cf3","scm-cnt":"1007.19201.130907.0","gps-id":"5547572"},8878,94.9,4.7,3629,1567753200
4001270852419,230838778,US $21.70,US $212.00,1901318146,1606118400,1606550399,1,YSDO Lashes Wholesale 20/30/40/50/100 Pairs 3D Mink Eyelashes Makeup Thick Mink Lashes Bulk Natural False Eyelashes Wispy Lashes,US $9.98,US $97.52,54,24911,24907,4,false,//ae01.alicdn.com/kf/H45535c5da8a74e088681efb5278f4a64O.jpg_350x350.jpg,//aliexpress.ru/item/4001270852419.html?gps-id=5547572&scm=1007.19201.130907.0&scm_id=1007.19201.130907.0&scm-url=1007.19201.130907.0&pvid=30d283b9-8394-4537-a399-b8ea2c27d102,{"all":{"pvid":"30d283b9-8394-4537-a399-b8ea2c27d102","scm-cnt":"1007.19201.130907.0","gps-id":"5547572"},"pvid":"30d283b9-8394-4537-a399-b8ea2c27d102","scm-cnt":"1007.19201.130907.0","gps-id":"5547572"},1822,95.5,4.8,230,1595401200
32959103778,206257524,US $162.22,US $796.00,1902035854,1606118400,1606550399,1,Tinashe Transparent Lace Wigs 13x6 Lace Front Human Hair Wigs Brazilian Straight Lace Front Wig 28 30 inch Hd Lace Frontal Wig,US $68.13,US $334.32,58,867539,867518,21,false,//ae01.alicdn.com/kf/H20d6cb350dc84c25b5db2592f2006dcds.jpg_350x350.jpg,//aliexpress.ru/item/32959103778.html?gps-id=5547572&scm=1007.19201.130907.0&scm_id=1007.19201.130907.0&scm-url=1007.19201.130907.0&pvid=30d283b9-8394-4537-a399-b8ea2c27d102,{"all":{"pvid":"30d283b9-8394-4537-a399-b8ea2c27d102","scm-cnt":"1007.19201.130907.0","gps-id":"5547572"},"pvid":"30d283b9-8394-4537-a399-b8ea2c27d102","scm-cnt":"1007.19201.130907.0","gps-id":"5547572"},2106,95.7,4.8,592,1542873600
32805128376,223681014,US $99.00,US $439.90,1902375034,1606118400,1606550399,1,Cranberry Straight Lace Front Human Hair Wigs Pre Plucked Hairline 4X4 Lace Closure Wig 360 Lace Frontal Wig Brazilian Remy Wigs,US $45.54,US $202.35,54,721998,721997,1,false,//ae01.alicdn.com/kf/H8501b8b0293e4bbbb57e89ba913f9610a.png_350x350.png,//aliexpress.ru/item/32805128376.html?gps-id=5547572&scm=1007.19201.130907.0&scm_id=1007.19201.130907.0&scm-url=1007.19201.130907.0&pvid=30d283b9-8394-4537-a399-b8ea2c27d102,{"all":{"pvid":"30d283b9-8394-4537-a399-b8ea2c27d102","scm-cnt":"1007.19201.130907.0","gps-id":"5547572"},"pvid":"30d283b9-8394-4537-a399-b8ea2c27d102","scm-cnt":"1007.19201.130907.0","gps-id":"5547572"},1691,93.7,4.7,649,1491980400
4001360772366,240615223,US $7.90,US $9.99,1901660544,1606118400,1606550399,1,Kitchen Sink Waterproof Sticker Anti-mold Waterproof Tape Bathroom Countertop Toilet Gap Self-adhesive Seam Stickers,US $3.71,US $4.70,53,14954,14442,512,false,//ae01.alicdn.com/kf/H689d1b9c6ac6462d97a8ab0dee975cc8D.png_350x350.png,//aliexpress.ru/item/4001360772366.html?gps-id=5547572&scm=1007.19201.130907.0&scm_id=1007.19201.130907.0&scm-url=1007.19201.130907.0&pvid=30d283b9-8394-4537-a399-b8ea2c27d102,{"all":{"pvid":"30d283b9-8394-4537-a399-b8ea2c27d102","scm-cnt":"1007.19201.130907.0","gps-id":"5547572"},"pvid":"30d283b9-8394-4537-a399-b8ea2c27d102","scm-cnt":"1007.19201.130907.0","gps-id":"5547572"},14903,97.1,4.9,3089,1597647600
32990130701,233062353,US $3.35,US $11.48,1901318146,1606118400,1606550399,1,LED Strip Light USB 2835SMD DC5V Flexible LED Lamp Tape Ribbon RGB 0.5M 1M 2M 3M 4M 5M TV Desktop Screen BackLight Diode Tape,US $0.01,US $3.77,67,143578,143132,446,false,//ae01.alicdn.com/kf/Hca774f4e721e4e6da8fd1db345a0dec8J.jpg_350x350.jpg,//aliexpress.ru/item/32990130701.html?gps-id=5547572&scm=1007.19201.130907.0&scm_id=1007.19201.130907.0&scm-url=1007.19201.130907.0&pvid=30d283b9-8394-4537-a399-b8ea2c27d102,{"all":{"pvid":"30d283b9-8394-4537-a399-b8ea2c27d102","scm-cnt":"1007.19201.130907.0","gps-id":"5547572"},"pvid":"30d283b9-8394-4537-a399-b8ea2c27d102","scm-cnt":"1007.19201.130907.0","gps-id":"5547572"},64871,93.0,4.6,15763,1552892400
32906237612,223729216,US $149.90,US $149.90,1901303888,1606118400,1606550399,1,CRRJU Fashion Mens Watches Top Brand Luxury Quartz Watch Men Casual Slim Mesh Steel Waterproof Sport Watch Relogio Masculino,US $10.49,US $10.49,93,43772,43744,28,false,//ae01.alicdn.com/kf/H871ce15cb2594434b8eb0100231aab2b2.jpg_350x350.jpg,//aliexpress.ru/item/32906237612.html?gps-id=5547572&scm=1007.19201.130907.0&scm_id=1007.19201.130907.0&scm-url=1007.19201.130907.0&pvid=30d283b9-8394-4537-a399-b8ea2c27d102,{"all":{"pvid":"30d283b9-8394-4537-a399-b8ea2c27d102","scm-cnt":"1007.19201.130907.0","gps-id":"5547572"},"pvid":"30d283b9-8394-4537-a399-b8ea2c27d102","scm-cnt":"1007.19201.130907.0","gps-id":"5547572"},7079,95.8,4.8,2133,1533452400
4001039633127,237240813,US $1.99,US $3.36,1902191749,1606118400,1606550399,1,Camera Lens Protection Phone Case on For iPhone 11 12 Pro Max 8 7 6 6s Plus Xr XsMax X Xs SE 2020 12 Color Candy Soft Back Cover,US $0.01,US $0.01,99,1024000,1023866,134,false,//ae01.alicdn.com/kf/H7bcdeaef2a62430a9019d51f70af05c8X.jpg_350x350.jpg,//aliexpress.ru/item/4001039633127.html?gps-id=5547572&scm=1007.19201.130907.0&scm_id=1007.19201.130907.0&scm-url=1007.19201.130907.0&pvid=30d283b9-8394-4537-a399-b8ea2c27d102,{"all":{"pvid":"30d283b9-8394-4537-a399-b8ea2c27d102","scm-cnt":"1007.19201.130907.0","gps-id":"5547572"},"pvid":"30d283b9-8394-4537-a399-b8ea2c27d102","scm-cnt":"1007.19201.130907.0","gps-id":"5547572"},78884,96.3,4.8,23406,1589439600
4001154216765,234447977,US $21.72,US $21.72,1901318146,1606118400,1606550399,1,Nibber harajuku high waist hin thin Bandage Straight pants female high quality activityÂ trousers kpop street leisure party pants,US $9.34,US $9.34,57,27588,27547,41,false,//ae01.alicdn.com/kf/H8afe9200f187492c9551751c45c36a64k.jpg_350x350.jpg,//aliexpress.ru/item/4001154216765.html?gps-id=5547572&scm=1007.19201.130907.0&scm_id=1007.19201.130907.0&scm-url=1007.19201.130907.0&pvid=30d283b9-8394-4537-a399-b8ea2c27d102,{"all":{"pvid":"30d283b9-8394-4537-a399-b8ea2c27d102","scm-cnt":"1007.19201.130907.0","gps-id":"5547572"},"pvid":"30d283b9-8394-4537-a399-b8ea2c27d102","scm-cnt":"1007.19201.130907.0","gps-id":"5547572"},4757,96.2,4.8,898,1592290800
4001251691710,231678247,US $165.90,US $499.90,1901303888,1606118400,1606550399,1,2020 NEW Drone 4k profession HD Wide Angle Camera 1080P WiFi fpv Drone Dual Camera  Height Keep Drones Camera Helicopter Toys,US $13.27,US $39.99,92,8599,8509,90,false,//ae01.alicdn.com/kf/H9ff83950a7134fb6b577a34a11243d99U.jpg_350x350.jpg,//aliexpress.ru/item/4001251691710.html?gps-id=5547572&scm=1007.19201.130907.0&scm_id=1007.19201.130907.0&scm-url=1007.19201.130907.0&pvid=30d283b9-8394-4537-a399-b8ea2c27d102,{"all":{"pvid":"30d283b9-8394-4537-a399-b8ea2c27d102","scm-cnt":"1007.19201.130907.0","gps-id":"5547572"},"pvid":"30d283b9-8394-4537-a399-b8ea2c27d102","scm-cnt":"1007.19201.130907.0","gps-id":"5547572"},3695,92.2,4.6,638,1594882800
4000517004580,228754193,US $165.88,US $179.40,1901318146,1606118400,1606550399,1,LCD Display Massage Gun Deep Muscle Massager Muscle Pain Body Neck Massage Exercising  Relaxation Slimming Shaping Pain Relief,US $51.42,US $55.61,69,1056638,1056550,88,false,//ae01.alicdn.com/kf/H1d6eed26295d4710b946b6844b7a152cB.jpg_350x350.jpg,//aliexpress.ru/item/4000517004580.html?gps-id=5547572&scm=1007.19201.130907.0&scm_id=1007.19201.130907.0&scm-url=1007.19201.130907.0&pvid=30d283b9-8394-4537-a399-b8ea2c27d102,{"all":{"pvid":"30d283b9-8394-4537-a399-b8ea2c27d102","scm-cnt":"1007.19201.130907.0","gps-id":"5547572"},"pvid":"30d283b9-8394-4537-a399-b8ea2c27d102","scm-cnt":"1007.19201.130907.0","gps-id":"5547572"},12446,97.5,4.9,6902,1576828800
33013618222,233132486,US $89.49,US $441.47,1901318146,1606118400,1606550399,1,Lace Closure Wig 4x4 6x6 Closure Wig Straight Lace Front Wig 180 Remy 30 inch Lace Wig Brazilian Human Hair Wig Lace Closure Wig,US $42.96,US $211.91,52,524142,524134,8,false,//ae01.alicdn.com/kf/H1edc1500b688446eb913978af7299fe94.jpg_350x350.jpg,//aliexpress.ru/item/33013618222.html?gps-id=5547572&scm=1007.19201.130907.0&scm_id=1007.19201.130907.0&scm-url=1007.19201.130907.0&pvid=2d9b4d58-7abf-4eab-bc4b-4996e123d5b1,{"all":{"pvid":"2d9b4d58-7abf-4eab-bc4b-4996e123d5b1","scm-cnt":"1007.19201.130907.0","gps-id":"5547572"},"pvid":"2d9b4d58-7abf-4eab-bc4b-4996e123d5b1","scm-cnt":"1007.19201.130907.0","gps-id":"5547572"},2324,93.9,4.7,811,1557212400
4000207587277,206257524,US $122.22,US $796.00,1902035854,1606118400,1606550399,1,Tinashe Body Wave Wig 13x6 Lace Front Human Hair Wigs 250 Density 4x4 6x6 Closure Wig Brazilian Lace Frontal Wig 28 30 inch Wigs,US $51.33,US $334.32,58,1209555,1209549,6,false,//ae01.alicdn.com/kf/H2897911042ef4b599bb10c4b3fe5356aB.jpg_350x350.jpg,//aliexpress.ru/item/4000207587277.html?gps-id=5547572&scm=1007.19201.130907.0&scm_id=1007.19201.130907.0&scm-url=1007.19201.130907.0&pvid=2d9b4d58-7abf-4eab-bc4b-4996e123d5b1,{"all":{"pvid":"2d9b4d58-7abf-4eab-bc4b-4996e123d5b1","scm-cnt":"1007.19201.130907.0","gps-id":"5547572"},"pvid":"2d9b4d58-7abf-4eab-bc4b-4996e123d5b1","scm-cnt":"1007.19201.130907.0","gps-id":"5547572"},1390,95.6,4.8,464,1569394800
32793775351,230094000,US $26.79,US $26.79,1901318146,1606118400,1606550399,1,KINGSEVEN Men Vintage Aluminum Polarized Sunglasses Classic Brand Sun glasses Coating Lens Driving Eyewear For Men/Women,US $8.04,US $8.04,70,16595,16520,75,false,//ae01.alicdn.com/kf/Ha91f0cd6bbe24280a7147cf0a2773f2dK.jpg_350x350.jpg,//aliexpress.ru/item/32793775351.html?gps-id=5547572&scm=1007.19201.130907.0&scm_id=1007.19201.130907.0&scm-url=1007.19201.130907.0&pvid=2d9b4d58-7abf-4eab-bc4b-4996e123d5b1,{"all":{"pvid":"2d9b4d58-7abf-4eab-bc4b-4996e123d5b1","scm-cnt":"1007.19201.130907.0","gps-id":"5547572"},"pvid":"2d9b4d58-7abf-4eab-bc4b-4996e123d5b1","scm-cnt":"1007.19201.130907.0","gps-id":"5547572"},23752,97.1,4.9,11054,1486886400
4001037561342,202884181,US $473.65,US $499.95,1901318146,1606118400,1606550399,1,PAGANI DESIGN 2020 Luxury Men Mechanical Wristwatch Stainless Steel GMT Watch Top Brand Sapphire Glass Men Watches reloj hombre,US $80.52,US $84.99,83,20826,20769,57,false,//ae01.alicdn.com/kf/Ha4a151c8ab764285a82c5f035e284d40x.jpg_350x350.jpg,//aliexpress.ru/item/4001037561342.html?gps-id=5547572&scm=1007.19201.130907.0&scm_id=1007.19201.130907.0&scm-url=1007.19201.130907.0&pvid=2d9b4d58-7abf-4eab-bc4b-4996e123d5b1,{"all":{"pvid":"2d9b4d58-7abf-4eab-bc4b-4996e123d5b1","scm-cnt":"1007.19201.130907.0","gps-id":"5547572"},"pvid":"2d9b4d58-7abf-4eab-bc4b-4996e123d5b1","scm-cnt":"1007.19201.130907.0","gps-id":"5547572"},3812,94.6,4.7,1351,1589353200
32982338666,232071719,US $239.90,US $249.90,1901318146,1606118400,1606550399,1,CURREN Casual Sport Watches for Men Blue Top Brand Luxury Military Leather Wrist Watch Man Clock Fashion Chronograph Wristwatch,US $19.19,US $19.99,92,32778,32745,33,false,//ae01.alicdn.com/kf/H1788ec56a3f04210b1552d39876262c3J.jpg_350x350.jpg,//aliexpress.ru/item/32982338666.html?gps-id=5547572&scm=1007.19201.130907.0&scm_id=1007.19201.130907.0&scm-url=1007.19201.130907.0&pvid=2d9b4d58-7abf-4eab-bc4b-4996e123d5b1,{"all":{"pvid":"2d9b4d58-7abf-4eab-bc4b-4996e123d5b1","scm-cnt":"1007.19201.130907.0","gps-id":"5547572"},"pvid":"2d9b4d58-7abf-4eab-bc4b-4996e123d5b1","scm-cnt":"1007.19201.130907.0","gps-id":"5547572"},7905,95.2,4.8,2553,1551859200
4001181411436,240514227,US $558.80,US $558.80,1902035854,1606118400,1606550399,1,OLEVS Men Mechanical Watch Top Brand Luxury Automatic Watch Sport Stainless Steel Waterproof Watch Men relogio masculino 6530,US $39.12,US $39.12,93,14163,14159,4,false,//ae01.alicdn.com/kf/H709d85ce83794bf7a2d3be43cbd30097d.jpg_350x350.jpg,//aliexpress.ru/item/4001181411436.html?gps-id=5547572&scm=1007.19201.130907.0&scm_id=1007.19201.130907.0&scm-url=1007.19201.130907.0&pvid=2d9b4d58-7abf-4eab-bc4b-4996e123d5b1,{"all":{"pvid":"2d9b4d58-7abf-4eab-bc4b-4996e123d5b1","scm-cnt":"1007.19201.130907.0","gps-id":"5547572"},"pvid":"2d9b4d58-7abf-4eab-bc4b-4996e123d5b1","scm-cnt":"1007.19201.130907.0","gps-id":"5547572"},624,96.0,4.8,224,1592982000
32982857990,224266960,US $134.12,US $373.59,1901318146,1606118400,1606550399,1,Yyong 3/4 Body Wave Bundles With Closure Brazilian Hair Weave Bundles With Lace Closure 4x4 Remy Human Hair Bundles With Closure,US $64.38,US $179.32,52,30601,30600,1,false,//ae01.alicdn.com/kf/Haa7add5691694b92bd4bcd85f735888fl.jpg_350x350.jpg,//aliexpress.ru/item/32982857990.html?gps-id=5547572&scm=1007.19201.130907.0&scm_id=1007.19201.130907.0&scm-url=1007.19201.130907.0&pvid=2d9b4d58-7abf-4eab-bc4b-4996e123d5b1,{"all":{"pvid":"2d9b4d58-7abf-4eab-bc4b-4996e123d5b1","scm-cnt":"1007.19201.130907.0","gps-id":"5547572"},"pvid":"2d9b4d58-7abf-4eab-bc4b-4996e123d5b1","scm-cnt":"1007.19201.130907.0","gps-id":"5547572"},1225,95.3,4.8,290,1552374000
4000558493482,240172398,US $199.89,US $199.89,1902035854,1606118400,1606550399,1,With Certificate Luxury 18K White Gold Ring Original 2.0ct Zirconia Diamond Wedding Band Silver 925 Jewelry Women Christmas Gift,US $4.00,US $4.00,98,103973,103933,40,false,//ae01.alicdn.com/kf/H7264c42655bc45a282b103d0c1512543O.jpg_350x350.jpg,//aliexpress.ru/item/4000558493482.html?gps-id=5547572&scm=1007.19201.130907.0&scm_id=1007.19201.130907.0&scm-url=1007.19201.130907.0&pvid=2d9b4d58-7abf-4eab-bc4b-4996e123d5b1,{"all":{"pvid":"2d9b4d58-7abf-4eab-bc4b-4996e123d5b1","scm-cnt":"1007.19201.130907.0","gps-id":"5547572"},"pvid":"2d9b4d58-7abf-4eab-bc4b-4996e123d5b1","scm-cnt":"1007.19201.130907.0","gps-id":"5547572"},2220,93.4,4.7,1086,1577692800
4001117114034,228355488,US $49.98,US $73.98,1901318146,1606118400,1606550399,1,In Stock Xiaomi Mi Band 5 Smart Bracelet 1.1" AMOLED Colorful Screen Heart Rate Fitness Tracker Bluetooth 5.0 Waterproof Miband5,US $25.99,US $38.47,48,47245,37176,10069,false,//ae01.alicdn.com/kf/H3bbd78ff645e4d91b19f4a234f541f0f5.png_350x350.png,//aliexpress.ru/item/4001117114034.html?gps-id=5547572&scm=1007.19201.130907.0&scm_id=1007.19201.130907.0&scm-url=1007.19201.130907.0&pvid=2d9b4d58-7abf-4eab-bc4b-4996e123d5b1,{"all":{"pvid":"2d9b4d58-7abf-4eab-bc4b-4996e123d5b1","scm-cnt":"1007.19201.130907.0","gps-id":"5547572"},"pvid":"2d9b4d58-7abf-4eab-bc4b-4996e123d5b1","scm-cnt":"1007.19201.130907.0","gps-id":"5547572"},136952,96.8,4.8,41053,1591254000
32953292868,229890389,US $155.85,US $155.85,1901303888,1606118400,1606550399,1,Women Watches Women Fashion Watch 2020 Geneva Designer Ladies Watch Luxury Brand Diamond Quartz Gold Wrist Watch Gifts For Women,US $14.03,US $14.03,91,25383,25383,0,false,//ae01.alicdn.com/kf/H94901cf6410b405993107f5315470c10o.jpg_350x350.jpg,//aliexpress.ru/item/32953292868.html?gps-id=5547572&scm=1007.19201.130907.0&scm_id=1007.19201.130907.0&scm-url=1007.19201.130907.0&pvid=2d9b4d58-7abf-4eab-bc4b-4996e123d5b1,{"all":{"pvid":"2d9b4d58-7abf-4eab-bc4b-4996e123d5b1","scm-cnt":"1007.19201.130907.0","gps-id":"5547572"},"pvid":"2d9b4d58-7abf-4eab-bc4b-4996e123d5b1","scm-cnt":"1007.19201.130907.0","gps-id":"5547572"},3419,98.1,4.9,2346,1542096000
33055247911,224266960,US $107.15,US $789.83,1901318146,1606118400,1606550399,1,YYONG 30 32inch 13x4 Lace Front Human Hair Wigs For Black Women Remy Malaysian Body Wave 4x4 Lace Closure Wig HD Transparent Wig,US $48.22,US $355.42,55,46062,46061,1,false,//ae01.alicdn.com/kf/H64e7db998c8a4d7ea4089ce8ab05f806c.jpg_350x350.jpg,//aliexpress.ru/item/33055247911.html?gps-id=5547572&scm=1007.19201.130907.0&scm_id=1007.19201.130907.0&scm-url=1007.19201.130907.0&pvid=aff1028b-bc00-40bc-ab35-c7aeb9b384d1,{"all":{"pvid":"aff1028b-bc00-40bc-ab35-c7aeb9b384d1","scm-cnt":"1007.19201.130907.0","gps-id":"5547572"},"pvid":"aff1028b-bc00-40bc-ab35-c7aeb9b384d1","scm-cnt":"1007.19201.130907.0","gps-id":"5547572"},975,93.5,4.7,275,1562050800
32963970331,202884181,US $449.95,US $449.95,1901318146,1606118400,1606550399,1,PAGANI Design Brand Luxury Men Watches Automatic Black Watch Men Stainless Steel Waterproof Business Sport Mechanical Wristwatch,US $67.49,US $67.49,85,16011,15934,77,false,//ae01.alicdn.com/kf/Hd47d9c6f1043480aa0f40314132b86adc.jpg_350x350.jpg,//aliexpress.ru/item/32963970331.html?gps-id=5547572&scm=1007.19201.130907.0&scm_id=1007.19201.130907.0&scm-url=1007.19201.130907.0&pvid=aff1028b-bc00-40bc-ab35-c7aeb9b384d1,{"all":{"pvid":"aff1028b-bc00-40bc-ab35-c7aeb9b384d1","scm-cnt":"1007.19201.130907.0","gps-id":"5547572"},"pvid":"aff1028b-bc00-40bc-ab35-c7aeb9b384d1","scm-cnt":"1007.19201.130907.0","gps-id":"5547572"},2943,95.2,4.8,1287,1545379200
32854935611,206041548,US $104.27,US $391.97,1901318146,1606118400,1606550399,1,Meetu Straight Hair Bundles with Closure Malaysian Hair 3 Bundles with Closure 100% Human Hair Bundles with Closure Non Remy,US $46.92,US $176.39,55,285464,285463,1,false,//ae01.alicdn.com/kf/Hff1bcecad4cd4e728ebce00fe435533eW.jpg_350x350.jpg,//aliexpress.ru/item/32854935611.html?gps-id=5547572&scm=1007.19201.130907.0&scm_id=1007.19201.130907.0&scm-url=1007.19201.130907.0&pvid=aff1028b-bc00-40bc-ab35-c7aeb9b384d1,{"all":{"pvid":"aff1028b-bc00-40bc-ab35-c7aeb9b384d1","scm-cnt":"1007.19201.130907.0","gps-id":"5547572"},"pvid":"aff1028b-bc00-40bc-ab35-c7aeb9b384d1","scm-cnt":"1007.19201.130907.0","gps-id":"5547572"},1153,95.7,4.8,331,1518163200
4000308156886,222214133,US $14.54,US $59.90,1901318146,1606118400,1606550399,1,SDETER 1080P Wireless Mini WiFi Camera Home Security Camera IP CCTV Surveillance IR Night Vision Motion Detect Baby Monitor P2P,US $7.85,US $32.35,46,252855,252851,4,false,//ae01.alicdn.com/kf/H4dda8c6d2435443084ac16efb7c392c3F.jpg_350x350.jpg,//aliexpress.ru/item/4000308156886.html?gps-id=5547572&scm=1007.19201.130907.0&scm_id=1007.19201.130907.0&scm-url=1007.19201.130907.0&pvid=aff1028b-bc00-40bc-ab35-c7aeb9b384d1,{"all":{"pvid":"aff1028b-bc00-40bc-ab35-c7aeb9b384d1","scm-cnt":"1007.19201.130907.0","gps-id":"5547572"},"pvid":"aff1028b-bc00-40bc-ab35-c7aeb9b384d1","scm-cnt":"1007.19201.130907.0","gps-id":"5547572"},5397,96.7,4.8,3199,1572246000
4000611114075,240172398,US $199.89,US $199.89,1901318146,1606118400,1606550399,1,With Certificate 100% Original 925 Solid Silver Rings Set For Women 2.0ct Natural Zirconia Pure Gold Wedding Rings Set for Bride,US $9.99,US $9.99,95,58647,58642,5,false,//ae01.alicdn.com/kf/H2774a7f291a642daa8e921d17cbe28f3i.jpg_350x350.jpg,//aliexpress.ru/item/4000611114075.html?gps-id=5547572&scm=1007.19201.130907.0&scm_id=1007.19201.130907.0&scm-url=1007.19201.130907.0&pvid=aff1028b-bc00-40bc-ab35-c7aeb9b384d1,{"all":{"pvid":"aff1028b-bc00-40bc-ab35-c7aeb9b384d1","scm-cnt":"1007.19201.130907.0","gps-id":"5547572"},"pvid":"aff1028b-bc00-40bc-ab35-c7aeb9b384d1","scm-cnt":"1007.19201.130907.0","gps-id":"5547572"},730,94.2,4.7,289,1578816000
32975877369,202592647,US $107.99,US $448.71,1901318146,1606118400,1606550399,1,Ali Grace Wigs Brazilian Deep Curly Lace Front Wig Pre Plucked 360 Lace Frontal Wigs Remy Hair Kinky Curly Human Hair Wigs,US $52.92,US $219.87,51,2747,2739,8,false,//ae01.alicdn.com/kf/H7be2405aea6848a1a0f7fead14462eacJ.jpg_350x350.jpg,//aliexpress.ru/item/32975877369.html?gps-id=5547572&scm=1007.19201.130907.0&scm_id=1007.19201.130907.0&scm-url=1007.19201.130907.0&pvid=aff1028b-bc00-40bc-ab35-c7aeb9b384d1,{"all":{"pvid":"aff1028b-bc00-40bc-ab35-c7aeb9b384d1","scm-cnt":"1007.19201.130907.0","gps-id":"5547572"},"pvid":"aff1028b-bc00-40bc-ab35-c7aeb9b384d1","scm-cnt":"1007.19201.130907.0","gps-id":"5547572"},1483,93.0,4.7,483,1551168000
32819003414,223277139,US $111.00,US $173.00,1901318146,1606118400,1606550399,1,2020 New  Fishing coil Wooden handshake 12+ 1BB Spinning Fishing Reel Professional Metal Left/Right Hand  Fishing Reel Wheels,US $9.99,US $15.57,91,8862,8842,20,false,//ae01.alicdn.com/kf/Hbc02ba5ab96d4be597f1563cb1166ded9.jpg_350x350.jpg,//aliexpress.ru/item/32819003414.html?gps-id=5547572&scm=1007.19201.130907.0&scm_id=1007.19201.130907.0&scm-url=1007.19201.130907.0&pvid=aff1028b-bc00-40bc-ab35-c7aeb9b384d1,{"all":{"pvid":"aff1028b-bc00-40bc-ab35-c7aeb9b384d1","scm-cnt":"1007.19201.130907.0","gps-id":"5547572"},"pvid":"aff1028b-bc00-40bc-ab35-c7aeb9b384d1","scm-cnt":"1007.19201.130907.0","gps-id":"5547572"},6553,95.4,4.8,3108,1497596400
4000027179128,231389210,US $419.90,US $419.90,1901318146,1606118400,1606550399,1,LIGE Brand Classic Mens Retro Watches Automatic Mechanical Watch Tourbillon Clock Genuine Leather Waterproof Military Wristwatch,US $33.59,US $33.59,92,2620,2602,18,false,//ae01.alicdn.com/kf/H352fde3d624548cc9e2791ed968bd470t.jpg_350x350.jpg,//aliexpress.ru/item/4000027179128.html?gps-id=5547572&scm=1007.19201.130907.0&scm_id=1007.19201.130907.0&scm-url=1007.19201.130907.0&pvid=aff1028b-bc00-40bc-ab35-c7aeb9b384d1,{"all":{"pvid":"aff1028b-bc00-40bc-ab35-c7aeb9b384d1","scm-cnt":"1007.19201.130907.0","gps-id":"5547572"},"pvid":"aff1028b-bc00-40bc-ab35-c7aeb9b384d1","scm-cnt":"1007.19201.130907.0","gps-id":"5547572"},1380,95.1,4.8,546,1563778800
32632635156,204956874,US $2.57,US $9.07,1901318146,1606118400,1606550399,1,PZOZ Usb Cable For iphone cable 11 12 pro max Xs Xr X SE 8 7 6 plus 6s 5s ipad air mini 4 fast charging cable For iphone charger,US $1.26,US $4.44,51,32415,31943,472,false,//ae01.alicdn.com/kf/H7c0428fccf32435b94f2cd3c73140064y.jpg_350x350.jpg,//aliexpress.ru/item/32632635156.html?gps-id=5547572&scm=1007.19201.130907.0&scm_id=1007.19201.130907.0&scm-url=1007.19201.130907.0&pvid=aff1028b-bc00-40bc-ab35-c7aeb9b384d1,{"all":{"pvid":"aff1028b-bc00-40bc-ab35-c7aeb9b384d1","scm-cnt":"1007.19201.130907.0","gps-id":"5547572"},"pvid":"aff1028b-bc00-40bc-ab35-c7aeb9b384d1","scm-cnt":"1007.19201.130907.0","gps-id":"5547572"},67387,96.8,4.8,26858,1458198000
4000916456386,237298553,US $340.50,US $340.50,1901660544,1606118400,1606550399,1,Coeufuedy Freshwater Pearl Bracelet for Women Natural Amethyst  Bracelet Party White Pearl Stone Beads Bracelets Fine Jewelry,US $10.21,US $10.21,97,810,810,0,false,//ae01.alicdn.com/kf/H75707ebb441642faa58d45e6357d6760U.jpg_350x350.jpg,//aliexpress.ru/item/4000916456386.html?gps-id=5547572&scm=1007.19201.130907.0&scm_id=1007.19201.130907.0&scm-url=1007.19201.130907.0&pvid=aff1028b-bc00-40bc-ab35-c7aeb9b384d1,{"all":{"pvid":"aff1028b-bc00-40bc-ab35-c7aeb9b384d1","scm-cnt":"1007.19201.130907.0","gps-id":"5547572"},"pvid":"aff1028b-bc00-40bc-ab35-c7aeb9b384d1","scm-cnt":"1007.19201.130907.0","gps-id":"5547572"},98,92.7,4.6,71,1586674800
33008203212,223681014,US $103.60,US $360.46,1902375034,1606118400,1606550399,1,Cranberry Hair 4X4 Closure Wig Deep Wave Wig Peruvian Hair Lace Closure Wig 100% Remy Human Hair Wigs For Black Women 10-26inch,US $41.44,US $144.18,60,356400,356400,0,false,//ae01.alicdn.com/kf/H7a36399a5e8e486f8868f3fafe8405bat.jpg_350x350.jpg,//aliexpress.ru/item/33008203212.html?gps-id=5547572&scm=1007.19201.130907.0&scm_id=1007.19201.130907.0&scm-url=1007.19201.130907.0&pvid=1b40e55a-b820-453b-8c34-9706c88aa2de,{"all":{"pvid":"1b40e55a-b820-453b-8c34-9706c88aa2de","scm-cnt":"1007.19201.130907.0","gps-id":"5547572"},"pvid":"1b40e55a-b820-453b-8c34-9706c88aa2de","scm-cnt":"1007.19201.130907.0","gps-id":"5547572"},1062,94.3,4.7,458,1555916400
4000897922788,239367004,US $186.00,US $216.00,1901318146,1606118400,1606550399,1,Massage Gun Fascia Gun Neck Massager Vibration Fitness Equipment Noise Reduction Design Electric Massager Relax Muscle,US $52.08,US $60.48,72,31466,31458,8,false,//ae01.alicdn.com/kf/Hfb4d6a21002f49a4a2435fbc9c6b1fb6x.jpg_350x350.jpg,//aliexpress.ru/item/4000897922788.html?gps-id=5547572&scm=1007.19201.130907.0&scm_id=1007.19201.130907.0&scm-url=1007.19201.130907.0&pvid=1b40e55a-b820-453b-8c34-9706c88aa2de,{"all":{"pvid":"1b40e55a-b820-453b-8c34-9706c88aa2de","scm-cnt":"1007.19201.130907.0","gps-id":"5547572"},"pvid":"1b40e55a-b820-453b-8c34-9706c88aa2de","scm-cnt":"1007.19201.130907.0","gps-id":"5547572"},2950,96.8,4.8,962,1586329200
4000803190708,202884181,US $624.93,US $666.60,1901318146,1606118400,1606550399,1,PAGANI Design Men Automatic Watch Sapphire Luxury Mechanical Wristwatch Stainless Steel Waterproof Watch Men relogio masculino,US $74.99,US $79.99,88,23878,23860,18,false,//ae01.alicdn.com/kf/Hcefbabddb4784cabb371f18ddf98399f5.jpg_350x350.jpg,//aliexpress.ru/item/4000803190708.html?gps-id=5547572&scm=1007.19201.130907.0&scm_id=1007.19201.130907.0&scm-url=1007.19201.130907.0&pvid=1b40e55a-b820-453b-8c34-9706c88aa2de,{"all":{"pvid":"1b40e55a-b820-453b-8c34-9706c88aa2de","scm-cnt":"1007.19201.130907.0","gps-id":"5547572"},"pvid":"1b40e55a-b820-453b-8c34-9706c88aa2de","scm-cnt":"1007.19201.130907.0","gps-id":"5547572"},1078,94.4,4.7,521,1584342000
32947177916,221576935,US $21.20,US $21.20,1901318146,1606118400,1606550399,1,2020 Autumn Winter Thick Sweater Women Knitted Ribbed Pullover Sweater Long Sleeve Turtleneck Slim Jumper Soft Warm Pull Femme,US $9.33,US $9.33,56,15710,15511,199,false,//ae01.alicdn.com/kf/He7635050f8924f38baddd674cde1d21bS.jpg_350x350.jpg,//aliexpress.ru/item/32947177916.html?gps-id=5547572&scm=1007.19201.130907.0&scm_id=1007.19201.130907.0&scm-url=1007.19201.130907.0&pvid=1b40e55a-b820-453b-8c34-9706c88aa2de,{"all":{"pvid":"1b40e55a-b820-453b-8c34-9706c88aa2de","scm-cnt":"1007.19201.130907.0","gps-id":"5547572"},"pvid":"1b40e55a-b820-453b-8c34-9706c88aa2de","scm-cnt":"1007.19201.130907.0","gps-id":"5547572"},22347,95.1,4.8,8721,1540018800
4000955220860,240172398,US $199.89,US $199.89,1901951199,1606118400,1606550399,1,With Certificate Luxury Real 925 Silver Wedding Bands Ring Set Inlay 5A Cubic Zirconia Couple Pair Rings Fine Jewelry For Women,US $8.00,US $8.00,96,26220,26217,3,false,//ae01.alicdn.com/kf/H48da1c87a5c2451b9d5b0a045e2c9ed81.jpg_350x350.jpg,//aliexpress.ru/item/4000955220860.html?gps-id=5547572&scm=1007.19201.130907.0&scm_id=1007.19201.130907.0&scm-url=1007.19201.130907.0&pvid=1b40e55a-b820-453b-8c34-9706c88aa2de,{"all":{"pvid":"1b40e55a-b820-453b-8c34-9706c88aa2de","scm-cnt":"1007.19201.130907.0","gps-id":"5547572"},"pvid":"1b40e55a-b820-453b-8c34-9706c88aa2de","scm-cnt":"1007.19201.130907.0","gps-id":"5547572"},61,87.2,4.4,25,1587452400
4000041455051,202308992,US $11.50,US $11.50,1901303888,1606118400,1606550399,1,Aptoco Posture Corrector Back Posture Brace Clavicle Support Stop Slouching and Hunching Adjustable Back Trainer Unisex,US $7.24,US $7.24,37,412505,412415,90,false,//ae01.alicdn.com/kf/H9bb5b2095a40408ca649f5951d201dabh.jpg_350x350.jpg,//aliexpress.ru/item/4000041455051.html?gps-id=5547572&scm=1007.19201.130907.0&scm_id=1007.19201.130907.0&scm-url=1007.19201.130907.0&pvid=1b40e55a-b820-453b-8c34-9706c88aa2de,{"all":{"pvid":"1b40e55a-b820-453b-8c34-9706c88aa2de","scm-cnt":"1007.19201.130907.0","gps-id":"5547572"},"pvid":"1b40e55a-b820-453b-8c34-9706c88aa2de","scm-cnt":"1007.19201.130907.0","gps-id":"5547572"},17322,92.3,4.6,5910,1564124400
4001274817867,202309422,US $619.98,US $739.98,1901556842,1606118400,1606550399,1,FERISING 4IN1 Wireless Power bank + PD Fast Quick Charge Type-C USB C QC 3.0 Powerbank for iPad iPhone Samsung Xiaomi Charger,US $31.00,US $37.00,95,106599,106598,1,false,//ae01.alicdn.com/kf/H02ae766dde6c42c4b810a8025cdf7709F.jpg_350x350.jpg,//aliexpress.ru/item/4001274817867.html?gps-id=5547572&scm=1007.19201.130907.0&scm_id=1007.19201.130907.0&scm-url=1007.19201.130907.0&pvid=1b40e55a-b820-453b-8c34-9706c88aa2de,{"all":{"pvid":"1b40e55a-b820-453b-8c34-9706c88aa2de","scm-cnt":"1007.19201.130907.0","gps-id":"5547572"},"pvid":"1b40e55a-b820-453b-8c34-9706c88aa2de","scm-cnt":"1007.19201.130907.0","gps-id":"5547572"},43,97.1,4.9,14,1595487600
4001219105775,238075576,US $14.96,US $19.96,1901318146,1606118400,1606550399,1,CARTELO Leather Belts for Men 3.5cm Width Sports car Brand Fashion Automatic Buckle Black Genuine Leather Belt Men's Belts Cow,US $3.74,US $4.99,75,65276,63080,2196,false,//ae01.alicdn.com/kf/H96e05dce0ab54751be630cb965e7ab31Y.jpg_350x350.jpg,//aliexpress.ru/item/4001219105775.html?gps-id=5547572&scm=1007.19201.130907.0&scm_id=1007.19201.130907.0&scm-url=1007.19201.130907.0&pvid=1b40e55a-b820-453b-8c34-9706c88aa2de,{"all":{"pvid":"1b40e55a-b820-453b-8c34-9706c88aa2de","scm-cnt":"1007.19201.130907.0","gps-id":"5547572"},"pvid":"1b40e55a-b820-453b-8c34-9706c88aa2de","scm-cnt":"1007.19201.130907.0","gps-id":"5547572"},5908,96.0,4.8,1274,1594018800
32981064989,232071719,US $239.90,US $239.90,1901303888,1606118400,1606550399,1,Wristwatch Mens CURREN 2019 Top Brand Luxury Sports Watch Men Fashion Leather Watches with Calendar for Men Black Male Clock,US $19.19,US $19.19,92,18465,18460,5,false,//ae01.alicdn.com/kf/H132720b538394a8c87faf0c5ac550b41w.jpg_350x350.jpg,//aliexpress.ru/item/32981064989.html?gps-id=5547572&scm=1007.19201.130907.0&scm_id=1007.19201.130907.0&scm-url=1007.19201.130907.0&pvid=1b40e55a-b820-453b-8c34-9706c88aa2de,{"all":{"pvid":"1b40e55a-b820-453b-8c34-9706c88aa2de","scm-cnt":"1007.19201.130907.0","gps-id":"5547572"},"pvid":"1b40e55a-b820-453b-8c34-9706c88aa2de","scm-cnt":"1007.19201.130907.0","gps-id":"5547572"},2182,96.1,4.8,1017,1551859200
4001256161069,231389210,US $749.90,US $749.90,1901318146,1606118400,1606550399,1,2020 LIGE Watch Men Automatic Mechanical Tourbillon Clock Fashion Sapphire Glass 316L Steel 100 Waterproof Watches NH35 Movement,US $59.99,US $59.99,92,5917,5916,1,false,//ae01.alicdn.com/kf/H36c79d0d9f654f89908aae68575ee506i.jpg_350x350.jpg,//aliexpress.ru/item/4001256161069.html?gps-id=5547572&scm=1007.19201.130907.0&scm_id=1007.19201.130907.0&scm-url=1007.19201.130907.0&pvid=1b40e55a-b820-453b-8c34-9706c88aa2de,{"all":{"pvid":"1b40e55a-b820-453b-8c34-9706c88aa2de","scm-cnt":"1007.19201.130907.0","gps-id":"5547572"},"pvid":"1b40e55a-b820-453b-8c34-9706c88aa2de","scm-cnt":"1007.19201.130907.0","gps-id":"5547572"},958,94.4,4.7,190,1595055600
32477921977,202841098,US $3.39,US $4.46,1901318146,1606118400,1606550399,1,NAGARAKU 16Rows Faux lash individual eyelash extension lashes maquiagem cilios  for professionals soft natural eyelash extension,US $0.01,US $0.01,99,2468914,2467094,1820,false,//ae01.alicdn.com/kf/H3bb912de56de4cfeb375519b46996bd0G.jpg_350x350.jpg,//aliexpress.ru/item/32477921977.html?gps-id=5547572&scm=1007.19201.130907.0&scm_id=1007.19201.130907.0&scm-url=1007.19201.130907.0&pvid=7f70da82-a84e-410f-a7f1-fd490d2cba55,{"all":{"pvid":"7f70da82-a84e-410f-a7f1-fd490d2cba55","scm-cnt":"1007.19201.130907.0","gps-id":"5547572"},"pvid":"7f70da82-a84e-410f-a7f1-fd490d2cba55","scm-cnt":"1007.19201.130907.0","gps-id":"5547572"},39944,98.8,4.9,32759,1442991600
1005001435465224,223729216,US $189.90,US $199.90,1901318146,1606118400,1606550399,1,CRRJU Fashion Mens Watches Ultra Thin Quartz Watch Men Casual Slim Mesh Steel Waterproof Sport Watch Black Relogio Masculino,US $13.29,US $13.99,93,18041,18040,1,false,//ae01.alicdn.com/kf/H06f88c1e22764be682f418b8d0064dbdy.jpg_350x350.jpg,//aliexpress.ru/item/1005001435465224.html?gps-id=5547572&scm=1007.19201.130907.0&scm_id=1007.19201.130907.0&scm-url=1007.19201.130907.0&pvid=7f70da82-a84e-410f-a7f1-fd490d2cba55,{"all":{"pvid":"7f70da82-a84e-410f-a7f1-fd490d2cba55","scm-cnt":"1007.19201.130907.0","gps-id":"5547572"},"pvid":"7f70da82-a84e-410f-a7f1-fd490d2cba55","scm-cnt":"1007.19201.130907.0","gps-id":"5547572"},108,98.8,4.9,17,1599807600
33012849178,232870018,US $149.90,US $169.90,1901660544,1606118400,1606550399,1,LIGE 2019 New Watch Men Fashion Sport Quartz Clock Mens Watches Brand Luxury Leather Business Waterproof Watch Relogio Masculino,US $11.99,US $13.59,92,14433,14433,0,false,//ae01.alicdn.com/kf/H01710a55c8a548f5a3627a41a2e771091.jpg_350x350.jpg,//aliexpress.ru/item/33012849178.html?gps-id=5547572&scm=1007.19201.130907.0&scm_id=1007.19201.130907.0&scm-url=1007.19201.130907.0&pvid=7f70da82-a84e-410f-a7f1-fd490d2cba55,{"all":{"pvid":"7f70da82-a84e-410f-a7f1-fd490d2cba55","scm-cnt":"1007.19201.130907.0","gps-id":"5547572"},"pvid":"7f70da82-a84e-410f-a7f1-fd490d2cba55","scm-cnt":"1007.19201.130907.0","gps-id":"5547572"},1142,92.8,4.6,556,1557558000
4000282175351,232168175,US $99.90,US $99.90,1901660544,1606118400,1606550399,1,DMSFP100 Baroque Pearl Jewelry Sets Silver 925 Jewelry Pearl Sets Necklace/Bracelet/Earrings For Women,US $7.99,US $7.99,92,2828,2826,2,false,//ae01.alicdn.com/kf/H6b9221e75b3941adbbda37993f04c021k.jpg_350x350.jpg,//aliexpress.ru/item/4000282175351.html?gps-id=5547572&scm=1007.19201.130907.0&scm_id=1007.19201.130907.0&scm-url=1007.19201.130907.0&pvid=7f70da82-a84e-410f-a7f1-fd490d2cba55,{"all":{"pvid":"7f70da82-a84e-410f-a7f1-fd490d2cba55","scm-cnt":"1007.19201.130907.0","gps-id":"5547572"},"pvid":"7f70da82-a84e-410f-a7f1-fd490d2cba55","scm-cnt":"1007.19201.130907.0","gps-id":"5547572"},550,95.8,4.8,269,1571554800
4001283926687,237863514,US $749.90,US $749.90,1901660544,1606118400,1606550399,1,2020 LIGE Watch Men Automatic Mechanical Tourbillon Clock Fashion Sapphire Glass 316L Steel 100 Waterproof Watches NH35 Movement,US $59.99,US $59.99,92,6565,6565,0,false,//ae01.alicdn.com/kf/H574fb65091f64d34b887dbd0343afd8f9.jpg_350x350.jpg,//aliexpress.ru/item/4001283926687.html?gps-id=5547572&scm=1007.19201.130907.0&scm_id=1007.19201.130907.0&scm-url=1007.19201.130907.0&pvid=7f70da82-a84e-410f-a7f1-fd490d2cba55,{"all":{"pvid":"7f70da82-a84e-410f-a7f1-fd490d2cba55","scm-cnt":"1007.19201.130907.0","gps-id":"5547572"},"pvid":"7f70da82-a84e-410f-a7f1-fd490d2cba55","scm-cnt":"1007.19201.130907.0","gps-id":"5547572"},154,97.9,4.9,38,1595833200
4001142172979,223460489,US $59.65,US $158.05,1901318146,1606118400,1606550399,1,2 In 1 Electric Eyebrow Trimmer Makeup Painless Eye Brow Epilator Mini Shaver Razors Women Portable Facial Body Hair Remover 45,US $2.37,US $11.22,92,151117,151111,6,false,//ae01.alicdn.com/kf/Hba55bc1e2d0d47c3a8df2fa76953c726V.jpg_350x350.jpg,//aliexpress.ru/item/4001142172979.html?gps-id=5547572&scm=1007.19201.130907.0&scm_id=1007.19201.130907.0&scm-url=1007.19201.130907.0&pvid=7f70da82-a84e-410f-a7f1-fd490d2cba55,{"all":{"pvid":"7f70da82-a84e-410f-a7f1-fd490d2cba55","scm-cnt":"1007.19201.130907.0","gps-id":"5547572"},"pvid":"7f70da82-a84e-410f-a7f1-fd490d2cba55","scm-cnt":"1007.19201.130907.0","gps-id":"5547572"},8187,95.3,4.8,982,1591858800
4000291907165,223729216,US $159.90,US $159.90,1902494547,1606118400,1606550399,1,Fashion Women Watch Luxury CRRJU Casual Simple Ladies Daily Dress Mesh Wristwatch Minimalist Waterproof Quartz Female Clock,US $12.79,US $12.79,92,2470,2468,2,false,//ae01.alicdn.com/kf/H5c277273da644ea5a319e9bb167a3c5eg.jpg_350x350.jpg,//aliexpress.ru/item/4000291907165.html?gps-id=5547572&scm=1007.19201.130907.0&scm_id=1007.19201.130907.0&scm-url=1007.19201.130907.0&pvid=7f70da82-a84e-410f-a7f1-fd490d2cba55,{"all":{"pvid":"7f70da82-a84e-410f-a7f1-fd490d2cba55","scm-cnt":"1007.19201.130907.0","gps-id":"5547572"},"pvid":"7f70da82-a84e-410f-a7f1-fd490d2cba55","scm-cnt":"1007.19201.130907.0","gps-id":"5547572"},193,95.4,4.8,103,1571727600
32826462523,229364059,US $117.88,US $129.68,1901660544,1606118400,1606550399,1,KEEP IN TOUCH Black Silver Watch Women Quartz Calendar Rhinestone Dress Bracelet Women's Watch Ladies Luminous Relogio Feminino,US $9.43,US $10.37,92,2265,2265,0,false,//ae01.alicdn.com/kf/H1fc5afe4e47442dc9708d0f0df6d0c52W.jpg_350x350.jpg,//aliexpress.ru/item/32826462523.html?gps-id=5547572&scm=1007.19201.130907.0&scm_id=1007.19201.130907.0&scm-url=1007.19201.130907.0&pvid=7f70da82-a84e-410f-a7f1-fd490d2cba55,{"all":{"pvid":"7f70da82-a84e-410f-a7f1-fd490d2cba55","scm-cnt":"1007.19201.130907.0","gps-id":"5547572"},"pvid":"7f70da82-a84e-410f-a7f1-fd490d2cba55","scm-cnt":"1007.19201.130907.0","gps-id":"5547572"},536,94.6,4.7,224,1502521200
4000475838579,201995577,US $49.90,US $49.90,1901660544,1606118400,1606550399,1,DAIMI 5-6mm Natural Freshwater Pearl Necklace Handmade Pearl Necklace For Women,US $3.99,US $3.99,92,8679,8678,1,false,//ae01.alicdn.com/kf/Hea60f515c2b94afcb0f130227a1fdeeb2.jpg_350x350.jpg,//aliexpress.ru/item/4000475838579.html?gps-id=5547572&scm=1007.19201.130907.0&scm_id=1007.19201.130907.0&scm-url=1007.19201.130907.0&pvid=7f70da82-a84e-410f-a7f1-fd490d2cba55,{"all":{"pvid":"7f70da82-a84e-410f-a7f1-fd490d2cba55","scm-cnt":"1007.19201.130907.0","gps-id":"5547572"},"pvid":"7f70da82-a84e-410f-a7f1-fd490d2cba55","scm-cnt":"1007.19201.130907.0","gps-id":"5547572"},142,97.2,4.9,93,1576137600
4001204891321,220051319,US $349.90,US $349.90,1901660544,1606118400,1606550399,1,Ocstrade Summer Sets for Women 2020 New Black V Neck Long Sleeve Sexy 2 Piece Set Outfits High Quality Two Piece Set Suit,US $27.99,US $27.99,92,498,498,0,false,//ae01.alicdn.com/kf/H698f74a030a6444486065d8f9a336878Q.png_350x350.png,//aliexpress.ru/item/4001204891321.html?gps-id=5547572&scm=1007.19201.130907.0&scm_id=1007.19201.130907.0&scm-url=1007.19201.130907.0&pvid=7f70da82-a84e-410f-a7f1-fd490d2cba55,{"all":{"pvid":"7f70da82-a84e-410f-a7f1-fd490d2cba55","scm-cnt":"1007.19201.130907.0","gps-id":"5547572"},"pvid":"7f70da82-a84e-410f-a7f1-fd490d2cba55","scm-cnt":"1007.19201.130907.0","gps-id":"5547572"},37,94.0,4.7,10,1593673200
4000523005156,229806002,US $249.90,US $269.90,1901318146,1606118400,1606550399,1,NAVIFORCE Men Watch Top Luxury Brand Big Dial Sport Watches Mens Chronograph Quartz Wristwatch Date Male Clock Relogio Masculino,US $19.99,US $21.59,92,3531,3522,9,false,//ae01.alicdn.com/kf/H4666f7c17bc549ac92bcdb63703562e4A.jpg_350x350.jpg,//aliexpress.ru/item/4000523005156.html?gps-id=5547572&scm=1007.19201.130907.0&scm_id=1007.19201.130907.0&scm-url=1007.19201.130907.0&pvid=13d0cb2d-0563-4b43-841e-08e3087912bc,{"all":{"pvid":"13d0cb2d-0563-4b43-841e-08e3087912bc","scm-cnt":"1007.19201.130907.0","gps-id":"5547572"},"pvid":"13d0cb2d-0563-4b43-841e-08e3087912bc","scm-cnt":"1007.19201.130907.0","gps-id":"5547572"},1377,96.0,4.8,1001,1576915200
4001112126202,223245478,US $232.70,US $232.70,1901660544,1606118400,1606550399,1,LIGE New Classic Black Mens Watches Top Brand Luxury Watch For Man Military Silicone Waterproof Quartz Clock Relogio Masculino,US $18.62,US $18.62,92,2265,2259,6,false,//ae01.alicdn.com/kf/H391ec5ec762048438a79a3bdd3692a6fo.jpg_350x350.jpg,//aliexpress.ru/item/4001112126202.html?gps-id=5547572&scm=1007.19201.130907.0&scm_id=1007.19201.130907.0&scm-url=1007.19201.130907.0&pvid=13d0cb2d-0563-4b43-841e-08e3087912bc,{"all":{"pvid":"13d0cb2d-0563-4b43-841e-08e3087912bc","scm-cnt":"1007.19201.130907.0","gps-id":"5547572"},"pvid":"13d0cb2d-0563-4b43-841e-08e3087912bc","scm-cnt":"1007.19201.130907.0","gps-id":"5547572"},440,98.2,4.9,125,1591167600
33055871578,223729216,US $169.90,US $169.90,1902494547,1606118400,1606550399,1,CRRJU Luxury Fashion Woman Bracelet Watch Women Casual Waterproof Quartz Ladies Dress Watches Gift lover Clock relogio feminino,US $13.59,US $13.59,92,1889,1889,0,false,//ae01.alicdn.com/kf/H04e6c223c9094acd9813a59a026fcf05b.jpg_350x350.jpg,//aliexpress.ru/item/33055871578.html?gps-id=5547572&scm=1007.19201.130907.0&scm_id=1007.19201.130907.0&scm-url=1007.19201.130907.0&pvid=13d0cb2d-0563-4b43-841e-08e3087912bc,{"all":{"pvid":"13d0cb2d-0563-4b43-841e-08e3087912bc","scm-cnt":"1007.19201.130907.0","gps-id":"5547572"},"pvid":"13d0cb2d-0563-4b43-841e-08e3087912bc","scm-cnt":"1007.19201.130907.0","gps-id":"5547572"},346,97.9,4.9,142,1562137200
32789204361,229890389,US $204.50,US $204.50,1901318146,1606118400,1606550399,1,MISSFOX Women Quartz Watch Fashion Bling Casual Ladies Watch Female Quartz Gold Watch Crystal Diamond Leopard For Women Clock,US $18.40,US $18.40,91,8511,8508,3,false,//ae01.alicdn.com/kf/Hcea0dced032e4993b1308e6ed341db18X.jpg_350x350.jpg,//aliexpress.ru/item/32789204361.html?gps-id=5547572&scm=1007.19201.130907.0&scm_id=1007.19201.130907.0&scm-url=1007.19201.130907.0&pvid=13d0cb2d-0563-4b43-841e-08e3087912bc,{"all":{"pvid":"13d0cb2d-0563-4b43-841e-08e3087912bc","scm-cnt":"1007.19201.130907.0","gps-id":"5547572"},"pvid":"13d0cb2d-0563-4b43-841e-08e3087912bc","scm-cnt":"1007.19201.130907.0","gps-id":"5547572"},558,95.1,4.8,295,1484467200
4000959914005,240514227,US $1,350.00,US $1,350.00,1902035854,1606118400,1606550399,1,Luxury Men Mechanical Wristwatch Automatic Watch Men Classic Skeleton Leather Top Brand OUPINKE Transparent Sapphire Waterproof,US $121.50,US $121.50,91,21844,21842,2,false,//ae01.alicdn.com/kf/H2ba348ec62dd44f88743c18f843d25c7q.jpg_350x350.jpg,//aliexpress.ru/item/4000959914005.html?gps-id=5547572&scm=1007.19201.130907.0&scm_id=1007.19201.130907.0&scm-url=1007.19201.130907.0&pvid=13d0cb2d-0563-4b43-841e-08e3087912bc,{"all":{"pvid":"13d0cb2d-0563-4b43-841e-08e3087912bc","scm-cnt":"1007.19201.130907.0","gps-id":"5547572"},"pvid":"13d0cb2d-0563-4b43-841e-08e3087912bc","scm-cnt":"1007.19201.130907.0","gps-id":"5547572"},247,99.2,5.0,155,1587452400
1391774046,200615862,US $83.10,US $83.10,1902494547,1606118400,1606550399,1,JewelryPalace Created Blue Sapphire Ring Princess Crown Halo Engagement Wedding Rings 925 Sterling Silver Rings For Women 2020,US $7.48,US $7.48,91,850,825,25,false,//ae01.alicdn.com/kf/H527b33f35bf74344909249b379e3c9adF.jpg_350x350.jpg,//aliexpress.ru/item/1391774046.html?gps-id=5547572&scm=1007.19201.130907.0&scm_id=1007.19201.130907.0&scm-url=1007.19201.130907.0&pvid=13d0cb2d-0563-4b43-841e-08e3087912bc,{"all":{"pvid":"13d0cb2d-0563-4b43-841e-08e3087912bc","scm-cnt":"1007.19201.130907.0","gps-id":"5547572"},"pvid":"13d0cb2d-0563-4b43-841e-08e3087912bc","scm-cnt":"1007.19201.130907.0","gps-id":"5547572"},327,97.3,4.9,155,1381474800
1005001270827107,240119948,US $184.95,US $199.95,1901303888,1606118400,1606550399,1,LIGE 2020 fashion Full circle touch screen Mens Smart Watches  IP68 Waterproof Sports Fitness Watch Luxury Smart Watch for men,US $29.59,US $31.99,84,2516,2493,23,false,//ae01.alicdn.com/kf/H2df9e20d809940689dbfb3f7a460210cw.jpg_350x350.jpg,//aliexpress.ru/item/1005001270827107.html?gps-id=5547572&scm=1007.19201.130907.0&scm_id=1007.19201.130907.0&scm-url=1007.19201.130907.0&pvid=13d0cb2d-0563-4b43-841e-08e3087912bc,{"all":{"pvid":"13d0cb2d-0563-4b43-841e-08e3087912bc","scm-cnt":"1007.19201.130907.0","gps-id":"5547572"},"pvid":"13d0cb2d-0563-4b43-841e-08e3087912bc","scm-cnt":"1007.19201.130907.0","gps-id":"5547572"},4979,94.0,4.7,1909,1596438000
4000369264306,232909611,US $79.97,US $89.97,1901660544,1606118400,1606550399,1,SANLEPUS B1 Led Display Bluetooth Earphone Wireless Headphones TWS Stereo Earbuds Sport Gaming Headset For Xiaomi Huawei iPhone,US $22.39,US $25.19,72,8932,8930,2,false,//ae01.alicdn.com/kf/H867d08b41a42446d8c5d2d85f595b761F.jpg_350x350.jpg,//aliexpress.ru/item/4000369264306.html?gps-id=5547572&scm=1007.19201.130907.0&scm_id=1007.19201.130907.0&scm-url=1007.19201.130907.0&pvid=13d0cb2d-0563-4b43-841e-08e3087912bc,{"all":{"pvid":"13d0cb2d-0563-4b43-841e-08e3087912bc","scm-cnt":"1007.19201.130907.0","gps-id":"5547572"},"pvid":"13d0cb2d-0563-4b43-841e-08e3087912bc","scm-cnt":"1007.19201.130907.0","gps-id":"5547572"},5137,95.7,4.8,2905,1573718400
4000167039595,233002769,US $67.37,US $119.80,1902035854,1606118400,1606550399,1,10000Lm Powerfull Headlamp Rechargeable LED Headlight Body Motion Sensor Head Flashlight Camping Torch Light Lamp With USB,US $6.06,US $10.78,91,11954,11902,52,false,//ae01.alicdn.com/kf/Hdda6592a5d4d4edc81d1ce3974c740e2L.jpg_350x350.jpg,//aliexpress.ru/item/4000167039595.html?gps-id=5547572&scm=1007.19201.130907.0&scm_id=1007.19201.130907.0&scm-url=1007.19201.130907.0&pvid=13d0cb2d-0563-4b43-841e-08e3087912bc,{"all":{"pvid":"13d0cb2d-0563-4b43-841e-08e3087912bc","scm-cnt":"1007.19201.130907.0","gps-id":"5547572"},"pvid":"13d0cb2d-0563-4b43-841e-08e3087912bc","scm-cnt":"1007.19201.130907.0","gps-id":"5547572"},4175,94.4,4.7,1315,1568098800
4000993880399,240532267,US $1,357.50,US $1,357.50,1902035854,1606118400,1606550399,1,OUPINKE Top Brand Luxury Men Automatic Mechanical Watch Skeleton Tungsten Steel Waterproof Self-Wind Sapphire Glass Wristwatch,US $149.32,US $149.32,89,59725,59723,2,false,//ae01.alicdn.com/kf/H94d9666046484469bb09bfb58e394f84s.jpg_350x350.jpg,//aliexpress.ru/item/4000993880399.html?gps-id=5547572&scm=1007.19201.130907.0&scm_id=1007.19201.130907.0&scm-url=1007.19201.130907.0&pvid=13d0cb2d-0563-4b43-841e-08e3087912bc,{"all":{"pvid":"13d0cb2d-0563-4b43-841e-08e3087912bc","scm-cnt":"1007.19201.130907.0","gps-id":"5547572"},"pvid":"13d0cb2d-0563-4b43-841e-08e3087912bc","scm-cnt":"1007.19201.130907.0","gps-id":"5547572"},278,99.7,5.0,122,1588230000
32958986318,223729216,US $189.90,US $209.90,1902494547,1606118400,1606550399,1,Mens Women StopWatches CRRJU Unique Design Luxury Sport Wrist Watch Stainless Steel Mesh Strap Men's Fashion Casual Date Watches,US $15.19,US $16.79,92,820,820,0,false,//ae01.alicdn.com/kf/H9fdda91747b744d3af7172399c718f4d6.jpg_350x350.jpg,//aliexpress.ru/item/32958986318.html?gps-id=5547572&scm=1007.19201.130907.0&scm_id=1007.19201.130907.0&scm-url=1007.19201.130907.0&pvid=461ccddd-7a0d-419d-8d54-6d66c30d4659,{"all":{"pvid":"461ccddd-7a0d-419d-8d54-6d66c30d4659","scm-cnt":"1007.19201.130907.0","gps-id":"5547572"},"pvid":"461ccddd-7a0d-419d-8d54-6d66c30d4659","scm-cnt":"1007.19201.130907.0","gps-id":"5547572"},342,93.4,4.7,82,1543392000
32996240266,223729216,US $149.90,US $169.90,1902494547,1606118400,1606550399,1,CRRJU Sports Mens slim Watches Top Brand Luxury Waterproof Sport Watch Men Ultra Thin Dial Quartz Watch Casual Relogio Masculino,US $11.99,US $13.59,92,1090,1090,0,false,//ae01.alicdn.com/kf/H5d73bd3a3ccf439fb16e23ff4261c31fr.jpg_350x350.jpg,//aliexpress.ru/item/32996240266.html?gps-id=5547572&scm=1007.19201.130907.0&scm_id=1007.19201.130907.0&scm-url=1007.19201.130907.0&pvid=461ccddd-7a0d-419d-8d54-6d66c30d4659,{"all":{"pvid":"461ccddd-7a0d-419d-8d54-6d66c30d4659","scm-cnt":"1007.19201.130907.0","gps-id":"5547572"},"pvid":"461ccddd-7a0d-419d-8d54-6d66c30d4659","scm-cnt":"1007.19201.130907.0","gps-id":"5547572"},99,96.6,4.8,41,1554102000
4000294780456,220686053,US $31.20,US $36.19,1901660544,1606118400,1606550399,1,Hair Straightener Flat Irons Straightening Brush Hot Heating Comb Hair Straight Styler Corrugation Curling Iron Hair Curler Comb,US $16.54,US $19.18,47,62802,62783,19,false,//ae01.alicdn.com/kf/H608e3a2b43094b01b743e8afbb22de362.jpg_350x350.jpg,//aliexpress.ru/item/4000294780456.html?gps-id=5547572&scm=1007.19201.130907.0&scm_id=1007.19201.130907.0&scm-url=1007.19201.130907.0&pvid=461ccddd-7a0d-419d-8d54-6d66c30d4659,{"all":{"pvid":"461ccddd-7a0d-419d-8d54-6d66c30d4659","scm-cnt":"1007.19201.130907.0","gps-id":"5547572"},"pvid":"461ccddd-7a0d-419d-8d54-6d66c30d4659","scm-cnt":"1007.19201.130907.0","gps-id":"5547572"},8022,92.6,4.6,2583,1571814000
32877061037,222415530,US $105.00,US $105.00,1901572223,1606118400,1606550399,1,XITUO Knife Sharpener for Straight and Serrated Knives, 3-Stage Diamond Coated Wheel System, Sharpens Dull Knives Quickly, Safe,US $9.45,US $9.45,91,9539,9539,0,false,//ae01.alicdn.com/kf/H177a28bfdea04e0fbb1de321eeb35025G.jpg_350x350.jpg,//aliexpress.ru/item/32877061037.html?gps-id=5547572&scm=1007.19201.130907.0&scm_id=1007.19201.130907.0&scm-url=1007.19201.130907.0&pvid=461ccddd-7a0d-419d-8d54-6d66c30d4659,{"all":{"pvid":"461ccddd-7a0d-419d-8d54-6d66c30d4659","scm-cnt":"1007.19201.130907.0","gps-id":"5547572"},"pvid":"461ccddd-7a0d-419d-8d54-6d66c30d4659","scm-cnt":"1007.19201.130907.0","gps-id":"5547572"},165,95.5,4.8,22,1526972400
4000715365790,227970389,US $39.90,US $49.90,1901556842,1606118400,1606550399,1,FLOVEME Wireless Car USB Charger Bluetooth FM Transmitter MP3 Player Dual Ports Phone Charger TF Card Music HandFree Car Kit,US $3.59,US $4.49,91,6060,6060,0,false,//ae01.alicdn.com/kf/Hd2dac34d5af04f38b2a5e9031cd9f7b9w.jpg_350x350.jpg,//aliexpress.ru/item/4000715365790.html?gps-id=5547572&scm=1007.19201.130907.0&scm_id=1007.19201.130907.0&scm-url=1007.19201.130907.0&pvid=461ccddd-7a0d-419d-8d54-6d66c30d4659,{"all":{"pvid":"461ccddd-7a0d-419d-8d54-6d66c30d4659","scm-cnt":"1007.19201.130907.0","gps-id":"5547572"},"pvid":"461ccddd-7a0d-419d-8d54-6d66c30d4659","scm-cnt":"1007.19201.130907.0","gps-id":"5547572"},53,95.0,4.8,12,1582272000
32964785488,225602280,US $48.95,US $64.58,1901303888,1606118400,1606550399,1,LNWPYH Nail Set UV LED Lamp Dryer With 18/12 pcs Nail Gel Polish Kit Soak Off Manicure Tools Set electric Nail drill Nail Tools,US $26.92,US $35.52,45,64718,64590,128,false,//ae01.alicdn.com/kf/Hf656ceb7706b454993cf5b2f3a95f67cn.jpg_350x350.jpg,//aliexpress.ru/item/32964785488.html?gps-id=5547572&scm=1007.19201.130907.0&scm_id=1007.19201.130907.0&scm-url=1007.19201.130907.0&pvid=461ccddd-7a0d-419d-8d54-6d66c30d4659,{"all":{"pvid":"461ccddd-7a0d-419d-8d54-6d66c30d4659","scm-cnt":"1007.19201.130907.0","gps-id":"5547572"},"pvid":"461ccddd-7a0d-419d-8d54-6d66c30d4659","scm-cnt":"1007.19201.130907.0","gps-id":"5547572"},23965,94.2,4.7,8934,1546502400
33001848265,117348198,US $41.58,US $58.21,1902494547,1606118400,1606550399,1,BAMOER Small Hoop Earrings 925 Sterling Silver Clear CZ Universe Galaxy Tiny Earrings for Girl Gifts anti-allergy Jewelry BSE076,US $4.16,US $5.82,90,2000,1994,6,false,//ae01.alicdn.com/kf/H24da04368ad041ffbc7a729dddd76be08.jpg_350x350.jpg,//aliexpress.ru/item/33001848265.html?gps-id=5547572&scm=1007.19201.130907.0&scm_id=1007.19201.130907.0&scm-url=1007.19201.130907.0&pvid=461ccddd-7a0d-419d-8d54-6d66c30d4659,{"all":{"pvid":"461ccddd-7a0d-419d-8d54-6d66c30d4659","scm-cnt":"1007.19201.130907.0","gps-id":"5547572"},"pvid":"461ccddd-7a0d-419d-8d54-6d66c30d4659","scm-cnt":"1007.19201.130907.0","gps-id":"5547572"},381,97.0,4.9,162,1555311600
32852747923,229064004,US $12.56,US $12.56,1901318146,1606118400,1606550399,1,Designer 2020 knitted spring winter women scarf plaid warm cashmere scarves shawls luxury brand neck bandana  pashmina lady wrap,US $3.77,US $3.77,70,526934,526523,411,false,//ae01.alicdn.com/kf/Hdef9b373e4fc40929c5d5d064e2b6c313.jpg_350x350.jpg,//aliexpress.ru/item/32852747923.html?gps-id=5547572&scm=1007.19201.130907.0&scm_id=1007.19201.130907.0&scm-url=1007.19201.130907.0&pvid=461ccddd-7a0d-419d-8d54-6d66c30d4659,{"all":{"pvid":"461ccddd-7a0d-419d-8d54-6d66c30d4659","scm-cnt":"1007.19201.130907.0","gps-id":"5547572"},"pvid":"461ccddd-7a0d-419d-8d54-6d66c30d4659","scm-cnt":"1007.19201.130907.0","gps-id":"5547572"},11617,94.4,4.7,3560,1516780800
4000937996115,240514227,US $1,433.00,US $1,433.00,1901982732,1606118400,1606550399,1,Luxury Men Mechanical Wristwatch Automatic Watch Men Skeleton OUPINKE Tungsten steel Sapphire Watch relogio masculino 3169,US $143.30,US $143.30,90,26721,26721,0,false,//ae01.alicdn.com/kf/Hd050adffd9f444b5832ac8aa6ca6efc73.jpg_350x350.jpg,//aliexpress.ru/item/4000937996115.html?gps-id=5547572&scm=1007.19201.130907.0&scm_id=1007.19201.130907.0&scm-url=1007.19201.130907.0&pvid=461ccddd-7a0d-419d-8d54-6d66c30d4659,{"all":{"pvid":"461ccddd-7a0d-419d-8d54-6d66c30d4659","scm-cnt":"1007.19201.130907.0","gps-id":"5547572"},"pvid":"461ccddd-7a0d-419d-8d54-6d66c30d4659","scm-cnt":"1007.19201.130907.0","gps-id":"5547572"},62,96.7,4.8,48,1587106800
4000837237319,224266960,US $107.15,US $801.56,1901318146,1606118400,1606550399,1,YYong 4x4 Lace Closure Wigs & 13x4 Lace Frontal Wig Malaysian Water Wave 1x6 Topline HD Lace Human Hair Remy Wig Pre Plucked,US $48.22,US $360.70,55,46843,46842,1,false,//ae01.alicdn.com/kf/H725e302363ed4e6c92d0f8d3eb98d9f3v.jpg_350x350.jpg,//aliexpress.ru/item/4000837237319.html?gps-id=5547572&scm=1007.19201.130907.0&scm_id=1007.19201.130907.0&scm-url=1007.19201.130907.0&pvid=461ccddd-7a0d-419d-8d54-6d66c30d4659,{"all":{"pvid":"461ccddd-7a0d-419d-8d54-6d66c30d4659","scm-cnt":"1007.19201.130907.0","gps-id":"5547572"},"pvid":"461ccddd-7a0d-419d-8d54-6d66c30d4659","scm-cnt":"1007.19201.130907.0","gps-id":"5547572"},715,92.9,4.6,205,1585033200
